TransactionID,CustomerID,CustomerName,Date,Item,WeightKg,Rate,TotalAmount,CashPaid,RemainingDue,Notes
sale_1,307,Retail,2025-12-31T12:00:00.000Z,Others,1030,12.5,12875,0,12875,
sale_2,307,Retail,2025-12-31T12:00:00.000Z,Others,1505,12,18060,0,18060,
sale_3,307,Retail,2025-12-31T12:00:00.000Z,Others,1530,12,18360,0,18360,
sale_4,307,Retail,2025-12-31T12:00:00.000Z,Others,1500,12,18000,18000,0,
sale_5,307,Retail,2025-12-31T12:00:00.000Z,Others,530,12,6360,0,6360,
sale_6,307,Retail,2026-01-01T12:00:00.000Z,Others,1480,12,17760,0,17760,
sale_7,307,Retail,2026-01-01T12:00:00.000Z,Others,1520,11.84,18000,18000,0,
sale_8,307,Retail,2026-01-01T12:00:00.000Z,Others,1010,12.54,12665,0,12665,
sale_9,307,Retail,2026-01-06T12:00:00.000Z,Others,1020,12.5,12750,0,12750,
sale_10,307,Retail,2026-01-06T12:00:00.000Z,Others,1020,12.5,12750,0,12750,
sale_11,307,Retail,2026-01-06T12:00:00.000Z,Others,1030,11.5,11845,0,11845,
sale_12,307,Retail,2026-01-07T12:00:00.000Z,Others,980,12.5,12250,0,12250,
sale_13,307,Retail,2026-01-07T12:00:00.000Z,Others,1050,12.5,13125,0,13125,
sale_14,307,Retail,2026-01-07T12:00:00.000Z,Others,475,12.25,5818,0,5818,
sale_15,307,Retail,2026-01-07T12:00:00.000Z,Others,310,12.5,3875,0,3875,
sale_16,307,Retail,2026-01-07T12:00:00.000Z,Others,1000,12.5,12500,0,12500,
sale_17,307,Retail,2026-01-07T12:00:00.000Z,Others,365,11.78,4300,4300,0,
sale_18,307,Retail,2026-01-08T12:00:00.000Z,Others,1235,11,13585,5000,8585,
sale_19,307,Retail,2026-01-08T12:00:00.000Z,Others,490,11.5,5635,0,5635,
sale_20,307,Retail,2026-01-08T12:00:00.000Z,Others,795,10.5,8347,0,8347,
sale_21,307,Retail,2026-01-12T12:00:00.000Z,Others,1615,10.46,16900,16900,0,
sale_22,307,Retail,2026-01-12T12:00:00.000Z,Others,1390,11,15290,10000,5290,
sale_23,307,Retail,2026-01-13T12:00:00.000Z,Others,3040,10.23,31100,31100,0,
sale_24,307,Retail,2026-01-14T12:00:00.000Z,Others,1290,11,14190,6100,8090,
sale_25,307,Retail,2026-01-14T12:00:00.000Z,Others,1135,11,12485,0,12485,
sale_26,307,Retail,2026-01-15T12:00:00.000Z,Others,1095,11,12045,0,12045,
sale_27,307,Retail,2026-01-15T12:00:00.000Z,Others,1210,11,13310,0,13310,
sale_28,307,Retail,2026-01-15T12:00:00.000Z,Others,1165,10.5,12232,0,12232,
sale_29,307,Retail,2026-01-15T12:00:00.000Z,Others,528,11,5808,0,5808,
sale_30,307,Retail,2026-01-15T12:00:00.000Z,Others,2780,10.47,29100,29100,0,
sale_31,307,Retail,2026-01-16T12:00:00.000Z,Others,1790,10.5,18800,18800,0,
sale_32,307,Retail,2026-01-16T12:00:00.000Z,Others,1355,11,14905,0,14905,
sale_33,307,Retail,2026-01-16T12:00:00.000Z,Others,1400,11,15400,15400,0,
sale_34,307,Retail,2026-01-16T12:00:00.000Z,Others,1410,11,15510,0,15510,
sale_35,307,Retail,2026-01-16T12:00:00.000Z,Others,515,10.97,5650,5650,0,
sale_36,307,Retail,2026-01-16T12:00:00.000Z,Others,485,10.93,5300,5300,0,
sale_37,307,Retail,2026-01-17T12:00:00.000Z,Others,1240,10.97,13600,13600,0,
sale_38,307,Retail,2026-01-17T12:00:00.000Z,Others,1295,11,14245,0,14245,
sale_39,307,Retail,2026-01-17T12:00:00.000Z,Others,1280,11,14080,0,14080,
sale_40,307,Retail,2026-01-17T12:00:00.000Z,Others,555,11,6105,0,6105,
sale_41,307,Retail,2026-01-17T12:00:00.000Z,Others,495,11,5445,3000,2445,
sale_42,307,Retail,2026-01-18T12:00:00.000Z,Others,1355,10.92,14800,14800,0,
sale_43,307,Retail,2026-01-18T12:00:00.000Z,Others,1395,11,15345,0,15345,
sale_44,307,Retail,2026-01-18T12:00:00.000Z,Others,1370,11,15070,0,15070,
sale_45,307,Retail,2026-01-19T12:00:00.000Z,Others,1330,11,14630,0,14630,
sale_46,307,Retail,2026-01-19T12:00:00.000Z,Others,1490,11,16390,0,16390,
sale_47,307,Retail,2026-01-20T12:00:00.000Z,Others,1450,11,15950,0,15950,
sale_48,307,Retail,2026-01-20T12:00:00.000Z,Others,1345,11,14795,0,14795,
sale_49,307,Retail,2026-01-21T12:00:00.000Z,Others,1460,11,16060,0,16060,
sale_50,307,Retail,2026-01-21T12:00:00.000Z,Others,1450,11,15950,0,15950,
sale_51,307,Retail,2026-01-21T12:00:00.000Z,Others,35,11,385,0,385,
sale_52,307,Retail,2026-01-21T12:00:00.000Z,Others,1420,11,15620,0,15620,
sale_53,307,Retail,2026-01-22T12:00:00.000Z,Others,1440,11,15840,0,15840,
sale_54,307,Retail,2026-01-23T12:00:00.000Z,Others,2910,10.5,30555,0,30555,
sale_55,307,Retail,2026-01-23T12:00:00.000Z,Others,1230,11,13530,0,13530,
sale_56,307,Retail,2026-01-23T12:00:00.000Z,Others,6715,10,67150,0,67150,
sale_57,307,Retail,2026-01-23T12:00:00.000Z,Others,1290,10.5,13545,0,13545,
sale_58,307,Retail,2026-01-23T12:00:00.000Z,Others,2520,10.24,25800,25800,0,
sale_59,307,Retail,2026-01-23T12:00:00.000Z,Others,510,10,5100,5100,0,
sale_60,307,Retail,2026-01-23T12:00:00.000Z,Others,360,11,3960,0,3960,
sale_61,307,Retail,2026-01-24T12:00:00.000Z,Others,2800,11,30800,0,30800,
sale_62,307,Retail,2026-01-25T12:00:00.000Z,Others,555,10.5,5830,0,5830,
sale_63,307,Retail,2026-01-25T12:00:00.000Z,Others,50,10.5,525,0,525,
sale_64,307,Retail,2026-01-26T12:00:00.000Z,Others,1330,10.5,13965,0,13965,
sale_65,307,Retail,2026-01-26T12:00:00.000Z,Others,1355,10.5,14230,10000,4230,
sale_66,307,Retail,2026-01-27T12:00:00.000Z,Others,1305,10.5,13700,0,13700,
sale_67,307,Retail,2026-01-27T12:00:00.000Z,Others,495,10.51,5200,0,5200,
sale_68,307,Retail,2026-01-28T12:00:00.000Z,Others,495,9.25,4580,0,4580,
sale_69,307,Retail,2026-01-28T12:00:00.000Z,Others,2805,9.23,25900,20000,5900,
sale_70,307,Retail,2026-01-29T12:00:00.000Z,Others,2420,9.21,22300,22300,0,
sale_71,307,Retail,2026-01-29T12:00:00.000Z,Others,3410,9.5,32400,0,32400,
sale_72,307,Retail,2026-01-29T12:00:00.000Z,Others,2525,9.25,23350,10000,13350,
sale_73,307,Retail,2026-01-30T12:00:00.000Z,Others,1295,10.23,13250,0,13250,
sale_74,307,Retail,2026-01-30T12:00:00.000Z,Others,1305,9.5,12400,9100,3300,
sale_75,307,Retail,2026-01-30T12:00:00.000Z,Others,1350,9.5,12825,0,12825,
sale_76,307,Retail,2026-01-30T12:00:00.000Z,Others,3125,9.28,29000,29000,0,
sale_77,307,Retail,2026-01-30T12:00:00.000Z,Others,470,0,0,0,0,
sale_78,307,Retail,2026-01-15T10:00:00.000Z,Others,0,0,0,0,0,
sale_79,307,Retail,2026-01-31T12:00:00.000Z,Others,1305,9.5,12400,0,12400,
sale_80,307,Retail,2026-01-31T12:00:00.000Z,Others,1370,9.5,13015,0,13015,
sale_81,307,Retail,2026-01-31T12:00:00.000Z,Others,3340,9.19,30700,30700,0,
sale_82,307,Retail,2026-01-31T12:00:00.000Z,Others,75,9.51,713,0,713,
sale_83,307,Retail,2026-02-01T12:00:00.000Z,Others,1330,9.47,12600,12600,0,
sale_84,307,Retail,2026-02-01T12:00:00.000Z,Others,1155,9.52,11000,9100,1900,
sale_85,307,Retail,2026-02-01T12:00:00.000Z,Others,1290,9.5,12255,0,12255,
sale_86,307,Retail,2026-02-01T12:00:00.000Z,Others,510,9.5,4845,0,4845,
sale_87,307,Retail,2026-02-02T12:00:00.000Z,Others,1325,9.28,12300,12300,0,
sale_88,307,Retail,2026-02-02T12:00:00.000Z,Others,505,9,4545,0,4545,
sale_89,307,Retail,2026-02-02T12:00:00.000Z,Others,520,9.52,4950,0,4950,
sale_90,307,Retail,2026-02-02T12:00:00.000Z,Others,80,9.5,760,0,760,
sale_91,307,Retail,2026-02-02T12:00:00.000Z,Others,2330,8.97,20900,20900,0,
sale_92,307,Retail,2026-02-03T12:00:00.000Z,Others,630,9.25,5830,0,5830,
sale_93,307,Retail,2026-02-04T12:00:00.000Z,Others,3520,9.01,31700,31700,0,
sale_94,307,Retail,2026-02-04T12:00:00.000Z,Others,1445,9.48,13700,13700,0,
sale_95,307,Retail,2026-02-04T12:00:00.000Z,Others,1455,9.5,13822,0,13822,
sale_96,307,Retail,2026-02-04T12:00:00.000Z,Others,1440,9.51,13700,0,13700,
sale_97,307,Retail,2026-02-04T12:00:00.000Z,Others,1495,9.5,14200,0,14200,
sale_98,307,Retail,2026-02-04T12:00:00.000Z,Others,1465,9.49,13900,0,13900,
sale_99,307,Retail,2026-02-05T12:00:00.000Z,Others,3440,8.98,30900,25000,5900,
sale_100,307,Retail,2026-02-06T12:00:00.000Z,Others,2760,8.99,24800,24800,0,
sale_101,307,Retail,2026-02-06T12:00:00.000Z,Others,1380,9.5,13110,0,13110,
sale_102,307,Retail,2026-02-06T12:00:00.000Z,Others,2450,9.5,23275,0,23275,
sale_103,307,Retail,2026-02-07T12:00:00.000Z,Others,1460,9.45,13800,13800,0,
sale_104,307,Retail,2026-02-07T12:00:00.000Z,Others,1455,9.5,13822,0,13822,
sale_105,307,Retail,2026-02-07T12:00:00.000Z,Others,1320,9.32,12300,12300,0,
sale_106,307,Retail,2026-02-07T12:00:00.000Z,Others,375,9,3375,0,3375,
sale_107,307,Retail,2026-02-07T12:00:00.000Z,Others,105,9.52,1000,0,1000,
sale_108,307,Retail,2026-02-07T12:00:00.000Z,Others,122,9.51,1160,0,1160,
sale_109,307,Retail,2026-02-08T12:00:00.000Z,Others,1105,9.05,10000,10000,0,
sale_110,307,Retail,2026-02-08T12:00:00.000Z,Others,1470,9.3,13671,0,13671,
sale_111,307,Retail,2026-02-09T12:00:00.000Z,Others,1365,9.25,12626,0,12626,
sale_112,307,Retail,2026-02-09T12:00:00.000Z,Others,2925,8.99,26300,26300,0,
sale_113,307,Retail,2026-02-09T12:00:00.000Z,Others,2050,9.5,19475,0,19475,
sale_114,307,Retail,2026-02-10T12:00:00.000Z,Others,2965,8.77,26000,26000,0,
sale_115,307,Retail,2026-02-10T12:00:00.000Z,Others,1350,9.24,12480,0,12480,
sale_116,307,Retail,2026-02-10T12:00:00.000Z,Others,1210,9.5,11500,0,11500,
sale_117,307,Retail,2026-02-10T12:00:00.000Z,Others,3055,8.67,26500,26500,0,
sale_118,307,Retail,2026-02-10T12:00:00.000Z,Others,1395,9.5,13250,13250,0,
sale_119,307,Retail,2026-02-11T12:00:00.000Z,Others,1270,9,11430,0,11430,
sale_120,307,Retail,2026-02-11T12:00:00.000Z,Others,445,9.44,4200,4200,0,
sale_121,307,Retail,2026-02-11T12:00:00.000Z,Others,1365,9,12285,0,12285,
sale_122,307,Retail,2026-02-12T12:00:00.000Z,Others,1385,9,12465,0,12465,
sale_123,307,Retail,2026-02-12T12:00:00.000Z,Others,100,9.5,950,500,450,
sale_124,307,Retail,2026-02-12T12:00:00.000Z,Others,1075,9.5,10212,0,10212,
sale_125,307,Retail,2026-02-12T12:00:00.000Z,Others,1245,8.84,11000,11000,0,
sale_126,307,Retail,2026-02-12T12:00:00.000Z,Others,245,9.02,2210,0,2210,
sale_127,307,Retail,2026-02-13T12:00:00.000Z,Others,1390,9,12510,6700,5810,
sale_128,307,Retail,2026-02-13T12:00:00.000Z,Others,3190,8.75,27900,27900,0,
sale_129,307,Retail,2026-02-16T12:00:00.000Z,Others,1425,8.98,12800,0,12800,
sale_130,307,Retail,2026-02-16T12:00:00.000Z,Others,130,9,1170,0,1170,
sale_131,307,Retail,2026-02-16T12:00:00.000Z,Others,80,9.5,760,0,760,
sale_132,307,Retail,2026-02-17T12:00:00.000Z,Others,1325,9,11925,0,11925,
sale_133,307,Retail,2026-02-17T12:00:00.000Z,Others,1460,9,13140,0,13140,
sale_134,307,Retail,2026-02-17T12:00:00.000Z,Others,1330,9.25,12302,0,12302,
sale_135,307,Retail,2026-02-18T12:00:00.000Z,Others,1365,8.72,11900,11900,0,
sale_136,307,Retail,2026-02-19T12:00:00.000Z,Others,470,9,4230,0,4230,
sale_137,307,Retail,2026-02-19T12:00:00.000Z,Others,435,8,3480,0,3480,
sale_138,307,Retail,2026-02-19T12:00:00.000Z,Others,1375,9,12375,0,12375,
sale_139,307,Retail,2026-02-19T12:00:00.000Z,Others,1325,9,11925,11800,125,
sale_140,307,Retail,2026-02-19T12:00:00.000Z,Others,1226,9.54,11701,0,11701,
sale_141,307,Retail,2026-02-20T12:00:00.000Z,Others,1530,9,13770,0,13770,
sale_142,307,Retail,2026-02-20T12:00:00.000Z,Others,4495,8.68,39000,39000,0,
sale_143,307,Retail,2026-02-21T12:00:00.000Z,Others,1450,8.97,13000,13000,0,
sale_144,307,Retail,2026-02-21T12:00:00.000Z,Others,1380,9,12420,0,12420,
sale_145,307,Retail,2026-02-22T12:00:00.000Z,Others,1355,9,12195,10100,2095,
sale_146,307,Retail,2026-02-22T12:00:00.000Z,Others,490,9,4410,0,4410,
sale_147,307,Retail,2026-02-22T12:00:00.000Z,Others,530,8.5,4505,0,4505,
sale_148,307,Retail,2026-02-23T12:00:00.000Z,Others,1230,9.51,11700,0,11700,
sale_149,307,Retail,2026-02-23T12:00:00.000Z,Others,415,9,3735,0,3735,
sale_150,307,Retail,2026-02-24T12:00:00.000Z,Others,1175,9,10575,0,10575,
sale_151,307,Retail,2026-02-24T12:00:00.000Z,Others,2445,8.79,21500,0,21500,
sale_152,307,Retail,2026-02-25T12:00:00.000Z,Others,1295,9,11655,0,11655,
sale_153,307,Retail,2026-02-25T12:00:00.000Z,Others,1305,9,11745,0,11745,
sale_154,307,Retail,2026-02-25T12:00:00.000Z,Others,420,9,3780,0,3780,
sale_155,307,Retail,2026-02-26T12:00:00.000Z,Others,1155,9,10400,10400,0,
sale_156,307,Retail,2026-02-26T12:00:00.000Z,Others,1210,9.01,10900,4000,6900,
sale_157,307,Retail,2026-02-26T12:00:00.000Z,Others,995,8.94,8900,8900,0,
sale_158,307,Retail,2026-02-26T12:00:00.000Z,Others,445,9,4005,0,4005,
sale_159,307,Retail,2026-02-26T12:00:00.000Z,Others,1215,9,10935,0,10935,
sale_160,307,Retail,2026-02-27T12:00:00.000Z,Others,780,9,7020,100,6920,
sale_161,307,Retail,2026-02-27T12:00:00.000Z,Others,900,9,8100,0,8100,
sale_162,307,Retail,2026-02-15T10:00:00.000Z,Others,0,0,0,0,0,
sale_163,307,Retail,2026-02-28T12:00:00.000Z,Others,4785,7.5,35890,30000,5890,
sale_164,307,Retail,2026-02-28T12:00:00.000Z,Others,2855,7.99,22800,22800,0,
sale_165,307,Retail,2026-02-28T12:00:00.000Z,Others,6375,8,51000,37000,14000,
sale_166,307,Retail,2026-02-28T12:00:00.000Z,Others,495,11,5445,5445,0,
sale_167,307,Retail,2026-03-01T12:00:00.000Z,Others,1345,8.92,12000,12000,0,
sale_168,307,Retail,2026-03-01T12:00:00.000Z,Others,1430,9,12870,9100,3770,
sale_169,307,Retail,2026-03-01T12:00:00.000Z,Others,1290,8.99,11600,10000,1600,
sale_170,307,Retail,2026-03-02T12:00:00.000Z,Others,4605,7.8,35900,35900,0,
sale_171,307,Retail,2026-03-02T12:00:00.000Z,Others,1340,9,12060,5000,7060,
sale_172,307,Retail,2026-03-02T12:00:00.000Z,Others,1365,9,12285,0,12285,
sale_173,307,Retail,2026-03-02T12:00:00.000Z,Others,65,9,585,0,585,
sale_174,307,Retail,2026-03-03T12:00:00.000Z,Others,500,9,4500,0,4500,
sale_175,307,Retail,2026-03-03T12:00:00.000Z,Others,525,9,4725,4725,0,
sale_176,307,Retail,2026-03-03T12:00:00.000Z,Others,2080,7.98,16600,0,16600,
sale_177,307,Retail,2026-03-04T12:00:00.000Z,Others,500,9,4500,4500,0,
sale_178,307,Retail,2026-03-04T12:00:00.000Z,Others,2740,8.98,24600,24600,0,
sale_179,307,Retail,2026-03-07T12:00:00.000Z,Others,1355,9,12195,0,12195,
sale_180,307,Retail,2026-03-07T12:00:00.000Z,Others,1360,8.64,11750,11750,0,
sale_181,307,Retail,2026-03-07T12:00:00.000Z,Others,1480,9,13320,6000,7320,
sale_182,307,Retail,2026-03-08T12:00:00.000Z,Others,1525,9,13725,0,13725,
sale_183,307,Retail,2026-03-08T12:00:00.000Z,Others,1345,9,12105,0,12105,
sale_184,307,Retail,2026-03-08T12:00:00.000Z,Others,1210,8.26,10000,10000,0,
sale_185,307,Retail,2026-03-09T12:00:00.000Z,Others,1210,9,10890,0,10890,
sale_186,307,Retail,2026-03-09T12:00:00.000Z,Others,1230,9,11070,9000,2070,
sale_187,307,Retail,2026-03-09T12:00:00.000Z,Others,1290,9,11610,0,11610,
sale_188,307,Retail,2026-03-09T12:00:00.000Z,Others,1345,9,12105,0,12105,
sale_189,307,Retail,2026-03-09T12:00:00.000Z,Others,70,9,630,0,630,
sale_190,307,Retail,2026-03-09T12:00:00.000Z,Others,68,9,612,0,612,
sale_191,307,Retail,2026-03-10T12:00:00.000Z,Others,1170,9,10530,0,10530,
sale_192,307,Retail,2026-03-10T12:00:00.000Z,Others,1275,9,11475,0,11475,
sale_193,307,Retail,2026-03-15T12:00:00.000Z,Others,5080,8.27,42000,42000,0,
sale_194,307,Retail,2026-03-16T12:00:00.000Z,Others,1140,9,10260,0,10260,
sale_195,307,Retail,2026-03-16T12:00:00.000Z,Others,1240,9.15,11346,0,11346,
sale_196,307,Retail,2026-03-16T12:00:00.000Z,Others,1155,9,10400,0,10400,
sale_197,307,Retail,2026-03-16T12:00:00.000Z,Others,2595,9.25,24000,0,24000,
sale_198,307,Retail,2026-03-16T12:00:00.000Z,Others,1160,9.25,10730,0,10730,
sale_199,307,Retail,2026-03-16T12:00:00.000Z,Others,1235,9.5,11732,0,11732,
sale_200,307,Retail,2026-03-16T12:00:00.000Z,Others,405,9,3645,0,3645,
sale_201,307,Retail,2026-03-16T12:00:00.000Z,Others,60,9.5,570,0,570,
sale_202,307,Retail,2026-03-17T12:00:00.000Z,Others,1200,9.5,11400,9100,2300,
sale_203,307,Retail,2026-03-17T12:00:00.000Z,Others,1255,9,11295,0,11295,
sale_204,307,Retail,2026-03-18T12:00:00.000Z,Others,2915,8.3,24195,0,24195,
sale_205,307,Retail,2026-03-18T12:00:00.000Z,Others,1250,9.2,11500,11500,0,
sale_206,307,Retail,2026-03-18T12:00:00.000Z,Others,1305,9.3,12136,0,12136,
sale_207,307,Retail,2026-03-18T12:00:00.000Z,Others,60,9.5,570,0,570,
sale_208,307,Retail,2026-03-20T12:00:00.000Z,Others,1205,9.38,11300,11300,0,
sale_209,307,Retail,2026-03-20T12:00:00.000Z,Others,277,9.49,2630,0,2630,
sale_210,307,Retail,2026-03-21T12:00:00.000Z,Others,1080,9.5,10260,0,10260,
sale_211,307,Retail,2026-03-21T12:00:00.000Z,Others,1440,9.25,13320,0,13320,
sale_212,307,Retail,2026-03-21T12:00:00.000Z,Others,1230,9.43,11600,11600,0,
sale_213,307,Retail,2026-03-22T12:00:00.000Z,Others,1090,8.99,9800,7000,2800,
sale_214,307,Retail,2026-03-22T12:00:00.000Z,Others,6205,8.25,51200,51200,0,
sale_215,307,Retail,2026-03-22T12:00:00.000Z,Others,55,9.49,522,0,522,
sale_216,307,Retail,2026-03-24T12:00:00.000Z,Others,3870,8.48,32800,32800,0,
sale_217,307,Retail,2026-03-24T12:00:00.000Z,Others,1565,9.25,14476,0,14476,
sale_218,307,Retail,2026-03-24T12:00:00.000Z,Others,1250,9.5,11875,0,11875,
sale_219,307,Retail,2026-03-24T12:00:00.000Z,Others,950,9.5,9025,0,9025,
sale_220,307,Retail,2026-03-25T12:00:00.000Z,Others,1155,9.5,10972,0,10972,
sale_221,307,Retail,2026-03-25T12:00:00.000Z,Others,1115,9,10035,0,10035,
sale_222,307,Retail,2026-03-25T12:00:00.000Z,Others,1130,9.29,10500,10500,0,
sale_223,307,Retail,2026-03-26T12:00:00.000Z,Others,2360,8.9,21000,21000,0,
sale_224,307,Retail,2026-03-26T12:00:00.000Z,Others,1205,9.5,11447,0,11447,
sale_225,307,Retail,2026-03-26T12:00:00.000Z,Others,2880,9.5,27360,0,27360,
sale_226,307,Retail,2026-03-26T12:00:00.000Z,Others,1490,9.5,14155,0,14155,
sale_227,307,Retail,2026-03-26T12:00:00.000Z,Others,1200,9.5,11400,0,11400,
sale_228,307,Retail,2026-03-27T12:00:00.000Z,Others,1305,9.5,12400,0,12400,
sale_229,307,Retail,2026-03-27T12:00:00.000Z,Others,1420,9.51,13500,0,13500,
sale_230,307,Retail,2026-03-28T12:00:00.000Z,Others,60,9.5,570,0,570,
sale_231,307,Retail,2026-03-28T12:00:00.000Z,Others,189,9.52,1800,1700,100,
sale_232,307,Retail,2026-03-28T12:00:00.000Z,Others,1090,9.45,10300,10300,0,
sale_233,307,Retail,2026-03-30T12:00:00.000Z,Others,1195,9.5,11352,3100,8252,
sale_234,307,Retail,2026-03-30T12:00:00.000Z,Others,1090,9.5,10355,0,10355,
sale_235,307,Retail,2026-03-15T10:00:00.000Z,Others,0,0,0,0,0,
sale_236,307,Retail,2026-03-31T12:00:00.000Z,Others,6040,8.75,52850,30000,22850,
sale_237,307,Retail,2026-03-31T12:00:00.000Z,Others,7280,7.76,56500,56500,0,
sale_238,307,Retail,2026-03-31T12:00:00.000Z,Others,222,9.46,2100,0,2100,
sale_239,307,Retail,2026-03-31T12:00:00.000Z,Others,4335,8.67,37600,37600,0,
sale_240,307,Retail,2026-04-04T12:00:00.000Z,Others,4040,8.71,35200,35200,0,
sale_241,307,Retail,2026-04-07T12:00:00.000Z,Others,1745,9.46,16500,16500,0,
sale_242,307,Retail,2026-04-07T12:00:00.000Z,Others,4770,8.6,41000,20000,21000,
sale_243,307,Retail,2026-04-07T12:00:00.000Z,Others,6620,8.25,54600,0,54600,
sale_244,307,Retail,2026-04-08T12:00:00.000Z,Others,2240,6.25,14000,14000,0,
sale_245,307,Retail,2026-04-08T12:00:00.000Z,Others,1315,9.25,12160,0,12160,
sale_246,307,Retail,2026-04-09T12:00:00.000Z,Others,415,9.5,3942,0,3942,
sale_247,307,Retail,2026-04-10T12:00:00.000Z,Others,745,9.5,7080,0,7080,
sale_248,307,Retail,2026-04-13T12:00:00.000Z,Others,5760,7.99,46000,46000,0,
sale_249,307,Retail,2026-04-13T12:00:00.000Z,Others,2495,8.02,20000,20000,0,
sale_250,307,Retail,2026-04-14T12:00:00.000Z,Others,2235,8.05,18000,18000,0,
sale_251,307,Retail,2026-04-14T12:00:00.000Z,Others,6085,8.09,49200,49200,0,
sale_252,307,Retail,2026-04-16T12:00:00.000Z,Others,82,9.51,780,0,780,
sale_253,307,Retail,2026-04-16T12:00:00.000Z,Others,2445,8.75,21400,21400,0,
sale_254,307,Retail,2026-04-16T12:00:00.000Z,Others,2460,8.5,20900,0,20900,
sale_255,307,Retail,2026-04-17T12:00:00.000Z,Others,1265,9.33,11800,11800,0,
sale_256,307,Retail,2026-04-18T12:00:00.000Z,Others,2875,8.5,24437,0,24437,
sale_257,307,Retail,2026-04-18T12:00:00.000Z,Others,1320,8.48,11200,0,11200,
sale_258,307,Retail,2026-04-19T12:00:00.000Z,Others,1425,9.12,13000,13000,0,
sale_259,307,Retail,2026-04-19T12:00:00.000Z,Others,2140,9.5,20330,15000,5330,
sale_260,307,Retail,2026-04-20T12:00:00.000Z,Others,1030,9.42,9700,9700,0,
sale_261,307,Retail,2026-04-20T12:00:00.000Z,Others,1440,8.96,12900,12900,0,
sale_262,307,Retail,2026-04-22T12:00:00.000Z,Others,208,9.52,1980,0,1980,
sale_263,307,Retail,2026-04-22T12:00:00.000Z,Others,1400,9.5,13300,0,13300,
sale_264,307,Retail,2026-04-22T12:00:00.000Z,Others,1380,9.5,13110,0,13110,
sale_265,307,Retail,2026-04-23T12:00:00.000Z,Others,1310,9,11790,0,11790,
sale_266,307,Retail,2026-04-23T12:00:00.000Z,Others,565,9.5,5370,3000,2370,
sale_267,307,Retail,2026-04-23T12:00:00.000Z,Others,1170,9.5,11115,0,11115,
sale_268,307,Retail,2026-04-24T12:00:00.000Z,Others,122,9.51,1160,1160,0,
sale_269,307,Retail,2026-04-24T12:00:00.000Z,Others,1365,9.5,12970,0,12970,
sale_270,307,Retail,2026-04-24T12:00:00.000Z,Others,1385,9.5,13160,0,13160,
sale_271,307,Retail,2026-04-26T12:00:00.000Z,Others,1270,10,12700,0,12700,
sale_272,307,Retail,2026-04-26T12:00:00.000Z,Others,1230,10,12300,0,12300,
sale_273,307,Retail,2026-04-26T12:00:00.000Z,Others,345,10,3450,2500,950,
sale_274,307,Retail,2026-04-15T10:00:00.000Z,Others,0,0,0,0,0,
sale_275,307,Retail,2026-05-01T10:00:00.000Z,Others,1235,9.5,11732,4500,7232,
sale_276,307,Retail,2026-05-01T10:00:00.000Z,Others,1400,9.5,13300,0,13300,
sale_277,307,Retail,2026-05-01T10:00:00.000Z,Others,2375,10,23750,0,23750,
sale_278,307,Retail,2026-05-01T10:00:00.000Z,Others,1280,8.75,11200,0,11200,
sale_279,307,Retail,2026-05-01T10:00:00.000Z,Others,840,9.5,7980,0,7980,
sale_280,307,Retail,2026-05-01T10:00:00.000Z,Others,5535,8.4,46500,46500,0,
sale_281,307,Retail,2026-05-01T10:00:00.000Z,Others,1450,8.48,12300,12300,0,
sale_282,307,Retail,2026-05-01T10:00:00.000Z,Others,4005,8.99,36000,25000,11000,
sale_283,307,Retail,2026-05-01T10:00:00.000Z,Others,1325,10,13250,10000,3250,
sale_284,307,Retail,2026-05-04T10:00:00.000Z,Others,1180,9.41,11100,11100,0,
sale_285,307,Retail,2026-05-04T10:00:00.000Z,Others,1270,10.5,13335,10000,3335,
sale_286,307,Retail,2026-05-04T10:00:00.000Z,Others,2535,10,25350,20000,5350,
sale_287,307,Retail,2026-05-05T10:00:00.000Z,Others,2255,11,24800,0,24800,
sale_288,307,Retail,2026-05-05T10:00:00.000Z,Others,4015,9.49,38100,38100,0,
sale_289,307,Retail,2026-05-06T10:00:00.000Z,Others,2485,11,27335,10000,17335,
sale_290,307,Retail,2026-05-06T10:00:00.000Z,Others,1155,9.7,11200,11200,0,
sale_291,307,Retail,2026-05-06T10:00:00.000Z,Others,1185,11,13035,10000,3035,
sale_292,307,Retail,2026-05-07T10:00:00.000Z,Others,1250,10,12500,0,12500,
sale_293,307,Retail,2026-05-09T10:00:00.000Z,Others,1260,10.5,13230,5000,8230,
sale_294,307,Retail,2026-05-09T10:00:00.000Z,Others,1230,10,12300,12300,0,
sale_295,307,Retail,2026-05-09T10:00:00.000Z,Others,1280,10.5,13440,0,13440,
sale_296,307,Retail,2026-05-10T10:00:00.000Z,Others,1130,11,12430,0,12430,
sale_297,307,Retail,2026-05-10T10:00:00.000Z,Others,1165,11,12815,0,12815,
sale_298,307,Retail,2026-05-10T10:00:00.000Z,Others,3920,9.46,37100,37100,0,
sale_299,307,Retail,2026-05-11T10:00:00.000Z,Others,2345,11,25800,0,25800,
sale_300,307,Retail,2026-05-11T10:00:00.000Z,Others,2465,10.06,24800,9800,15000,
sale_301,307,Retail,2026-05-11T10:00:00.000Z,Others,176,10.85,1910,0,1910,
sale_302,307,Retail,2026-05-12T10:00:00.000Z,Others,1090,11,11990,0,11990,
sale_303,307,Retail,2026-05-12T10:00:00.000Z,Others,1420,10,14200,0,14200,
sale_304,307,Retail,2026-05-12T10:00:00.000Z,Others,1285,11,14135,0,14135,
sale_305,307,Retail,2026-05-15T10:00:00.000Z,Others,1210,10,12100,12100,0,
sale_306,307,Retail,2026-05-15T10:00:00.000Z,Others,2195,11,24145,0,24145,
sale_307,307,Retail,2026-05-16T10:00:00.000Z,Others,1235,10.45,12900,12900,0,
sale_308,307,Retail,2026-05-16T10:00:00.000Z,Others,1210,10.5,12705,0,12705,
sale_309,307,Retail,2026-05-16T10:00:00.000Z,Others,1220,10.5,12810,0,12810,
sale_310,307,Retail,2026-05-17T10:00:00.000Z,Others,1330,10,13300,0,13300,
sale_311,307,Retail,2026-05-17T10:00:00.000Z,Others,1165,10.5,12232,0,12232,
sale_312,307,Retail,2026-05-17T10:00:00.000Z,Others,1180,11,12980,12000,980,
sale_313,307,Retail,2026-05-17T10:00:00.000Z,Others,1125,10.93,12300,12300,0,
sale_314,307,Retail,2026-05-18T10:00:00.000Z,Others,1320,10.45,13800,13800,0,
sale_315,307,Retail,2026-05-19T10:00:00.000Z,Others,1220,10.5,12810,10000,2810,
sale_316,307,Retail,2026-05-19T10:00:00.000Z,Others,1375,10.5,14437,0,14437,
sale_317,307,Retail,2026-05-19T10:00:00.000Z,Others,515,10.5,5410,5000,410,
sale_318,307,Retail,2026-05-20T10:00:00.000Z,Others,1210,10.74,13000,13000,0,
sale_319,307,Retail,2026-05-20T10:00:00.000Z,Others,2430,11,26730,0,26730,
sale_320,307,Retail,2026-05-20T10:00:00.000Z,Others,2860,10,28600,28600,0,
sale_321,307,Retail,2026-05-20T10:00:00.000Z,Others,1310,10.61,13900,13900,0,
sale_322,307,Retail,2026-05-21T10:00:00.000Z,Others,1155,11,12705,0,12705,
sale_323,307,Retail,2026-05-21T10:00:00.000Z,Others,2500,10.5,26250,0,26250,
sale_324,307,Retail,2026-05-21T10:00:00.000Z,Others,905,10.5,9500,0,9500,
sale_325,307,Retail,2026-05-21T10:00:00.000Z,Others,805,10.43,8400,8400,0,
sale_326,307,Retail,2026-05-23T10:00:00.000Z,Others,1190,10,11900,0,11900,
sale_327,307,Retail,2026-05-24T10:00:00.000Z,Others,1220,10.5,12810,5000,7810,
sale_328,307,Retail,2026-05-25T10:00:00.000Z,Others,1980,11,21780,0,21780,
sale_329,307,Retail,2026-05-25T10:00:00.000Z,Others,280,11,3080,3000,80,
sale_330,307,Retail,2026-05-25T10:00:00.000Z,Others,1270,10.5,13335,0,13335,
sale_331,307,Retail,2026-05-26T10:00:00.000Z,Others,4990,10.26,51200,36000,15200,
sale_332,307,Retail,2026-05-26T10:00:00.000Z,Others,2320,9.5,22040,0,22040,
sale_333,307,Retail,2026-05-26T10:00:00.000Z,Others,1490,8.99,13400,0,13400,
sale_334,307,Retail,2026-05-27T10:00:00.000Z,Others,1180,10.51,12400,12400,0,
sale_335,307,Retail,2026-05-27T10:00:00.000Z,Others,1105,11,12155,0,12155,
sale_336,307,Retail,2026-05-27T10:00:00.000Z,Others,16,10.94,175,0,175,
sale_337,307,Retail,2026-05-27T10:00:00.000Z,Others,3725,9.48,35300,35300,0,
sale_338,307,Retail,2026-05-28T10:00:00.000Z,Others,480,10.5,5040,0,5040,
sale_339,307,Retail,2026-05-28T10:00:00.000Z,Others,1090,10.83,11800,11800,0,
sale_340,307,Retail,2026-05-28T10:00:00.000Z,Others,1120,10.89,12200,12200,0,
sale_341,307,Retail,2026-05-28T10:00:00.000Z,Others,1120,10.89,12200,12200,0,
sale_342,307,Retail,2026-05-28T10:00:00.000Z,Others,370,11,4070,0,4070,
sale_343,307,Retail,2026-05-29T10:00:00.000Z,Others,1255,10.5,13177,0,13177,
sale_344,307,Retail,2026-05-30T10:00:00.000Z,Others,1265,10.5,13285,10000,3285,
sale_345,307,Retail,2026-05-30T10:00:00.000Z,Others,2130,10.89,23200,23200,0,
sale_346,307,Retail,2026-05-30T10:00:00.000Z,Others,1265,10.51,13300,13300,0,
sale_347,307,Retail,2026-05-30T10:00:00.000Z,Others,2570,10.51,27000,0,27000,
sale_348,307,Retail,2026-05-31T10:00:00.000Z,Others,1365,9.89,13500,13500,0,
sale_349,307,Retail,2026-05-31T10:00:00.000Z,Others,1150,10.75,12362,0,12362,
sale_351,307,Retail,2026-06-01T10:00:00.000Z,Others,1435,10.5,15067,0,15067,
sale_352,307,Retail,2026-06-01T10:00:00.000Z,Others,1400,10.5,14700,0,14700,
sale_353,307,Retail,2026-06-02T10:00:00.000Z,Others,1460,10.21,14900,6000,8900,
sale_354,307,Retail,2026-06-02T10:00:00.000Z,Others,1390,10.5,14600,0,14600,
sale_355,307,Retail,2026-06-03T10:00:00.000Z,Others,385,10.5,4042,2500,1542,
sale_356,307,Retail,2026-06-03T10:00:00.000Z,Others,1120,11,12320,0,12320,
sale_357,307,Retail,2026-06-05T10:00:00.000Z,Others,1115,11,12265,0,12265,
sale_358,307,Retail,2026-06-05T10:00:00.000Z,Others,1050,11,11550,0,11550,
sale_359,307,Retail,2026-06-05T10:00:00.000Z,Others,1020,10.98,11200,11200,0,
sale_360,307,Retail,2026-06-07T10:00:00.000Z,Others,1325,10.5,13912,0,13912,
sale_361,307,Retail,2026-06-07T10:00:00.000Z,Others,1385,10.5,14542,0,14542,
sale_362,307,Retail,2026-06-07T10:00:00.000Z,Others,1120,11,12320,6000,6320,
sale_363,307,Retail,2026-06-09T10:00:00.000Z,Others,1350,10.5,14175,0,14175,
sale_364,307,Retail,2026-06-12T10:00:00.000Z,Others,1370,9,12330,0,12330,
sale_365,307,Retail,2026-06-14T10:00:00.000Z,Others,2590,10.5,27195,0,27195,
sale_366,307,Retail,2026-06-18T10:00:00.000Z,Others,1340,10.5,14070,0,14070,
sale_367,307,Retail,2026-06-20T10:00:00.000Z,Others,1335,10.5,14017,4100,9917,
sale_368,307,Retail,2026-06-20T10:00:00.000Z,Others,1230,10.5,12915,0,12915,
sale_369,307,Retail,2026-06-21T10:00:00.000Z,Others,1290,10.5,13545,0,13545,
sale_370,307,Retail,2026-06-21T10:00:00.000Z,Others,1310,10.5,13755,0,13755,
sale_371,307,Retail,2026-06-22T10:00:00.000Z,Others,1305,10.34,13500,13500,0,
sale_372,307,Retail,2026-06-28T10:00:00.000Z,Others,400,10,4000,0,4000,
sale_373,307,Retail,2026-06-28T10:00:00.000Z,Others,1475,10.92,16100,16100,0,
sale_374,307,Retail,2026-06-28T10:00:00.000Z,Others,1115,11.5,12822,0,12822,
sale_375,307,Retail,2026-06-28T10:00:00.000Z,Others,1480,11.5,17020,0,17020,
sale_376,307,Retail,2026-06-28T10:00:00.000Z,Others,1495,11.5,17192,0,17192,
sale_377,307,Retail,2026-06-29T10:00:00.000Z,Others,1445,11.5,16617,0,16617,
sale_378,307,Retail,2026-06-29T10:00:00.000Z,Others,1420,11.25,15975,0,15975,
sale_379,307,Retail,2026-06-29T10:00:00.000Z,Others,1255,10.5,13177,0,13177,
sale_380,307,Retail,2026-06-15T10:00:00.000Z,Others,0,0,0,0,0,
sale_381,307,Retail,2026-07-02T10:00:00.000Z,Others,2330,10.5,24465,0,24465,
sale_382,307,Retail,2026-07-02T10:00:00.000Z,Others,485,11.51,5580,5580,0,
sale_383,307,Retail,2026-07-03T10:00:00.000Z,Others,2675,11.5,30762,0,30762,
sale_384,307,Retail,2026-07-03T10:00:00.000Z,Others,1300,11.5,14950,0,14950,
sale_385,307,Retail,2026-07-03T10:00:00.000Z,Others,1340,11.5,15410,0,15410,
sale_386,307,Retail,2026-07-04T10:00:00.000Z,Others,1495,11.5,17192,0,17192,
sale_387,307,Retail,2026-07-04T10:00:00.000Z,Others,1510,11.5,17365,0,17365,
sale_388,307,Retail,2026-07-04T10:00:00.000Z,Others,1125,11.5,12937,0,12937,
sale_389,307,Retail,2026-07-05T10:00:00.000Z,Others,1450,11.03,16000,16000,0,
sale_390,307,Retail,2026-07-05T10:00:00.000Z,Others,1400,11.5,16100,0,16100,
sale_391,307,Retail,2026-07-05T10:00:00.000Z,Others,1465,11.5,16847,0,16847,
sale_392,307,Retail,2026-07-04T10:00:00.000Z,Others,2875,10.96,31500,31500,0,
sale_393,307,Retail,2026-07-05T10:00:00.000Z,Others,1410,11.5,16215,0,16215,
sale_394,307,Retail,2026-07-09T10:00:00.000Z,Others,1010,11.5,11615,0,11615,
sale_395,307,Retail,2026-07-09T10:00:00.000Z,Others,1405,11.39,16000,16000,0,
sale_396,307,Retail,2026-07-10T10:00:00.000Z,Others,1310,11.5,15065,0,15065,
sale_397,307,Retail,2026-07-09T10:00:00.000Z,Others,1270,11.5,14605,9100,5505,
sale_398,307,Retail,2026-07-10T10:00:00.000Z,Others,350,11.43,4000,4000,0,
sale_399,307,Retail,2026-07-10T10:00:00.000Z,Others,520,11.5,5980,0,5980,
sale_400,307,Retail,2026-07-11T10:00:00.000Z,Others,2665,11.5,30647,0,30647,
sale_401,307,Retail,2026-07-11T10:00:00.000Z,Others,1310,11.5,15065,0,15065,
sale_402,307,Retail,2026-07-11T10:00:00.000Z,Others,1355,11.5,15582,0,15582,
sale_403,307,Retail,2026-07-12T10:00:00.000Z,Others,1375,11.35,15600,15600,0,
sale_404,307,Retail,2026-07-11T10:00:00.000Z,Others,700,11.5,8050,0,8050,
sale_405,307,Retail,2026-07-12T10:00:00.000Z,Others,460,11.5,5290,4000,1290,
sale_406,307,Retail,2026-07-12T10:00:00.000Z,Others,1345,11.5,15467,0,15467,
sale_407,307,Retail,2026-07-13T10:00:00.000Z,Others,1515,10.96,16600,16600,0,
sale_408,307,Retail,2026-07-13T10:00:00.000Z,Others,2615,11.5,30072,0,30072,
sale_409,307,Retail,2026-07-14T10:00:00.000Z,Others,1265,11.5,14547,0,14547,
sale_410,307,Retail,2026-07-14T10:00:00.000Z,Others,500,11.5,5750,0,5750,
sale_411,307,Retail,2026-07-14T10:00:00.000Z,Others,1330,11.5,15295,0,15295,
sale_412,307,Retail,2026-07-15T10:00:00.000Z,Others,1290,11.5,14835,10000,4835,
sale_413,307,Retail,2026-07-16T10:00:00.000Z,Others,2630,11.5,30245,0,30245,
sale_414,307,Retail,2026-07-16T10:00:00.000Z,Others,2735,11.22,30700,20000,10700,
sale_415,307,Retail,2026-07-19T10:00:00.000Z,Others,1260,11.9,15000,15000,0,
sale_416,307,Retail,2026-07-19T10:00:00.000Z,Others,1325,11.5,15237,0,15237,
sale_417,307,Retail,2026-07-19T10:00:00.000Z,Others,1250,12,15000,100,14900,
sale_418,307,Retail,2026-07-19T10:00:00.000Z,Others,1340,12,16080,0,16080,
sale_419,307,Retail,2026-07-20T10:00:00.000Z,Others,1285,12,15420,0,15420,
sale_420,307,Retail,2026-07-20T10:00:00.000Z,Others,1320,12,15840,0,15840,
sale_421,307,Retail,2026-07-20T10:00:00.000Z,Others,1320,11.82,15600,0,15600,
sale_422,307,Retail,2026-07-20T10:00:00.000Z,Others,1265,11.46,14500,14500,0,
sale_423,307,Retail,2026-07-22T10:00:00.000Z,Others,1400,11.93,16700,16700,0,
sale_424,307,Retail,2026-07-22T10:00:00.000Z,Others,1385,12,16620,5200,11420,
sale_425,307,Retail,2026-07-22T10:00:00.000Z,Others,1260,12,15120,0,15120,
sale_426,307,Retail,2026-07-22T10:00:00.000Z,Others,1360,12,16320,0,16320,
sale_427,307,Retail,2026-07-22T10:00:00.000Z,Others,3520,11.22,39500,39500,0,
sale_428,307,Retail,2026-07-28T10:00:00.000Z,Others,1345,12.5,16812,0,16812,
sale_429,307,Retail,2026-07-28T10:00:00.000Z,Others,1260,12.5,15750,0,15750,
sale_430,307,Retail,2026-07-28T10:00:00.000Z,Others,1280,12.5,16000,0,16000,
sale_431,307,Retail,2026-07-29T10:00:00.000Z,Others,1290,12,15480,0,15480,
sale_432,307,Retail,2026-07-29T10:00:00.000Z,Others,1285,12.5,16062,0,16062,
sale_433,307,Retail,2026-07-29T10:00:00.000Z,Others,440,12.5,5500,0,5500,
sale_434,307,Retail,2026-07-30T10:00:00.000Z,Others,1340,12.5,16750,0,16750,
sale_435,307,Retail,2026-07-30T10:00:00.000Z,Others,2650,12.5,33125,0,33125,
sale_436,307,Retail,2026-07-31T10:00:00.000Z,Others,1230,12.5,15375,0,15375,
sale_437,307,Retail,2026-07-15T10:00:00.000Z,Others,0,0,0,0,0,
sale_438,307,Retail,2026-08-03T10:00:00.000Z,Others,1260,12.14,15300,15300,0,
sale_439,307,Retail,2026-08-03T10:00:00.000Z,Others,2490,12.25,30502,13500,17002,
sale_440,307,Retail,2026-08-04T10:00:00.000Z,Others,1405,12.5,17562,0,17562,
sale_441,307,Retail,2026-08-04T10:00:00.000Z,Others,5980,11.25,67300,4000,63300,
sale_442,307,Retail,2026-08-04T10:00:00.000Z,Others,1360,12.5,17000,0,17000,
sale_443,307,Retail,2026-08-04T10:00:00.000Z,Others,1480,12.5,18500,9100,9400,
sale_444,307,Retail,2026-08-05T10:00:00.000Z,Others,1350,12,16200,0,16200,
sale_445,307,Retail,2026-08-05T10:00:00.000Z,Others,1370,12.5,17125,15100,2025,
sale_446,307,Retail,2026-08-05T10:00:00.000Z,Others,1355,12.5,16937,0,16937,
sale_447,307,Retail,2026-08-05T10:00:00.000Z,Others,3885,11.25,43700,30000,13700,
sale_448,307,Retail,2026-08-06T10:00:00.000Z,Others,1280,12.5,16000,16000,0,
sale_449,307,Retail,2026-08-07T10:00:00.000Z,Others,1350,12.5,16875,0,16875,
sale_450,307,Retail,2026-08-07T10:00:00.000Z,Others,1315,12.5,16437,0,16437,
sale_451,307,Retail,2026-08-08T10:00:00.000Z,Others,1305,12.18,15900,15900,0,
sale_452,307,Retail,2026-08-09T10:00:00.000Z,Others,1390,12,16680,0,16680,
sale_453,307,Retail,2026-08-10T10:00:00.000Z,Others,1345,12.12,16300,16300,0,
sale_454,307,Retail,2026-08-10T10:00:00.000Z,Others,490,12.5,6125,0,6125,
sale_455,307,Retail,2026-08-08T10:00:00.000Z,Others,480,12.5,6000,0,6000,
sale_456,307,Retail,2026-08-09T10:00:00.000Z,Others,1370,12.04,16500,16500,0,
sale_457,307,Retail,2026-08-10T10:00:00.000Z,Others,480,12.5,6000,0,6000,
sale_458,307,Retail,2026-08-12T10:00:00.000Z,Others,2605,12.5,32562,20000,12562,
sale_459,307,Retail,2026-08-13T10:00:00.000Z,Others,2660,12.5,33250,0,33250,
sale_460,307,Retail,2026-08-14T10:00:00.000Z,Others,1325,12.5,16562,0,16562,
sale_461,307,Retail,2026-08-14T10:00:00.000Z,Others,1305,12,15660,0,15660,
sale_462,307,Retail,2026-08-14T10:00:00.000Z,Others,1390,12.25,17027,15000,2027,
sale_463,307,Retail,2026-08-16T10:00:00.000Z,Others,1200,12,14400,0,14400,
sale_464,307,Retail,2026-08-16T10:00:00.000Z,Others,1170,12.22,14300,14300,0,
sale_465,307,Retail,2026-08-18T10:00:00.000Z,Others,1210,12.23,14800,14800,0,
sale_466,307,Retail,2026-08-20T10:00:00.000Z,Others,1245,12.5,15562,0,15562,
sale_467,307,Retail,2026-08-20T10:00:00.000Z,Others,1260,12.5,15750,0,15750,
sale_468,307,Retail,2026-08-21T10:00:00.000Z,Others,1280,12.5,16000,0,16000,
sale_469,307,Retail,2026-08-22T10:00:00.000Z,Others,1260,12.5,15750,5000,10750,
sale_470,307,Retail,2026-08-23T10:00:00.000Z,Others,1310,12.5,16375,0,16375,
sale_471,307,Retail,2026-08-24T10:00:00.000Z,Others,1415,11.94,16900,16900,0,
sale_472,307,Retail,2026-08-24T10:00:00.000Z,Others,1420,12.25,17395,0,17395,
sale_473,307,Retail,2026-08-25T10:00:00.000Z,Others,1470,11.9,17500,17500,0,
sale_474,307,Retail,2026-08-22T10:00:00.000Z,Others,1305,12.5,16312,0,16312,
sale_475,307,Retail,2026-08-25T10:00:00.000Z,Others,1525,12.5,19062,0,19062,
sale_476,307,Retail,2026-08-25T10:00:00.000Z,Others,1480,12.5,18500,0,18500,
sale_477,307,Retail,2026-08-26T10:00:00.000Z,Others,1445,12.5,18062,0,18062,
sale_478,307,Retail,2026-08-20T10:00:00.000Z,Others,1265,12.49,15800,15800,0,
sale_479,307,Retail,2026-08-30T10:00:00.000Z,Others,1375,12.5,17187,0,17187,
sale_480,307,Retail,2026-08-31T10:00:00.000Z,Others,1415,12.5,17687,0,17687,
sale_481,307,Retail,2026-08-31T10:00:00.000Z,Others,1410,12.5,17625,0,17625,
sale_482,307,Retail,2026-08-30T10:00:00.000Z,Others,1470,12.5,18375,0,18375,
sale_483,307,Retail,2026-08-30T10:00:00.000Z,Others,1345,12.5,16812,0,16812,
sale_484,307,Retail,2026-08-15T10:00:00.000Z,Others,0,0,0,0,0,
service_2026_05_s198,307,Retail Customer,2026-05-31T12:00:00.000Z,Pickup,0,0,80000,80000,0,Pickup Service Income from May Grass 2026
