id,name,mobile,village,creditLimit,openingDue
1,Abbasbhai Chadotar,,,35000,0
2,Agola Muljibhai Chaudhary,,,35000,0
3,Akesan Bhikhabhai Varragbhai,,,35000,0
4,Akeshna Palani Shravanbhai,,,35000,0
5,Akoliya Bhagvanbhai Kalubhai,,,35000,13080
6,Akoliya Bhagvanbhai Valjibhai,,,35000,0
7,Akoliya Bhagvanbhai Valubhai,,,35000,0
8,Akoliya Bhikhiben Babubhai,,,35000,1560
9,Akoliya Devabhai Shomabhai Chadotar,,,35000,26027
10,Akoliya Dhanrajbhai Virshangbhai,,,35000,16445
11,Akoliya Galababhai Devabhai,,,35000,8354
12,Akoliya Galbabhai Devabhai,,,35000,66541
13,Akoliya Jyantibhai Becharbhai,,,35000,0
14,Akoliya Meghrajbhai Parthibhai,,,35000,18895
15,Akoliya Nareshbhai Becharbhai,,,35000,6056
16,Akoliya Sardarbhai Shomabhai,,,35000,0
17,Akoliya.Ashokbhai Dhanrajbhai,,,35000,0
18,Autiya Karsanbhai,,,35000,0
19,Bavji Vedancha,,,35000,0
20,Bera Amartbhai Karsanbhai,,,35000,0
21,Bera Ashokbhai Laxmanbhai,,,35000,33810
22,Bera Bharatbhai Dhanrajbhai,,,35000,39546
23,Bera Dhanarajbhai Chelabhai,,,35000,15525
24,Bera Dineshbhai Savabhai,,,35000,0
25,Bera Jankiben Rakeshbhai - Vedancha,,,35000,3115
26,Bera Kantibhai Ujabhai,,,35000,0
27,Bera Karshanbhai Shomabhai Akeshan,,,35000,0
28,Bera Kushalbhai Rajabhai,,,35000,9910
29,Bera Laljibhai Sadabhai,,,35000,0
30,Bera Laxmanbhai Meghabhai,,,35000,16487
31,Bera Mafatbhai Parthibhai,,,35000,0
32,Bera Nareshbhai Karshanbhai,,,35000,54770
33,Bera Praveenbhai Parthibhai,,,35000,52972
34,Bera Rajsangbhai Dohjibhai,,,35000,0
35,Bera Rameshbhai Dalubhai,,,35000,28847
36,Bera Rameshbhai Meghabhai,,,35000,40378
37,Bera Ramjibhai Nanjibhai,,,35000,0
38,Bera Ramshungbhai Parthibhai,,,35000,0
39,Bharatbhai Patel Vedancha,,,35000,0
40,Bharkavada Bhikhabhai,,,35000,0
41,Bhatol Ashwinbhai Sudha,,,35000,0
42,Bhilocha Bhaveshbhai,,,35000,1800
43,Bhilocha Bhaveshbhai Kantibhai,,,35000,0
44,Bhutadiy Galbabhai Dalubhai,,,35000,10370
45,Bhutadiya Babubhai Bhemabhai,,,35000,0
46,Bhutadiya Babubhai Kanjibhai,,,35000,0
47,Bhutadiya Bhikhabhai Ganeshbhai,,,35000,0
48,Bhutadiya Dhanrajbhai Shomabhai,,,35000,0
49,Bhutadiya Dhanrajbhai Somabhai,,,35000,0
50,Bhutadiya Dilipbhai Muljibhai,,,35000,16342
51,Bhutadiya Dineshbhai Veerabhai,,,35000,14982
52,Bhutadiya Dineshbhai Veershangbhai,,,35000,37786
53,Bhutadiya Ganeshbhai Jethabhai,,,35000,7600
54,Bhutadiya Ghemarbhai Dalubhai,,,35000,0
55,Bhutadiya Heerabhai Fatabhai,,,35000,0
56,Bhutadiya Jagdishbhai Bhagvanbhai,,,35000,5502
57,Bhutadiya Jashungbhai Ramshungbbhai,,,35000,0
58,Bhutadiya Jeetabhai Ganeshbhai,,,35000,0
59,Bhutadiya Kantibhai Ramshungbhai,,,35000,0
60,Bhutadiya Kesabhai Sadabhai,,,35000,0
61,Bhutadiya Kiritibhai Ramshungbhai,,,35000,0
62,Bhutadiya Kirtibhai Ramshungbhai,,,35000,44212
63,Bhutadiya Laljibhai Veerabhai,,,35000,0
64,Bhutadiya Narshibhai Karshanbhai,,,35000,0
65,Bhutadiya Poojabhai Fatabhai,,,35000,0
66,Bhutadiya Pujabhai Savabhai,,,35000,12062
67,Bhutadiya Ujabhai Fatabhai,,,35000,12923
68,Bhutadiya Virshangbhai Fatabhai,,,35000,0
69,Bhutatiday Babubhai Kanjibhai,,,35000,0
70,Boka Dhanrajbhai Bhemjibhai,,,35000,0
71,Boka Dipakbhai Parthibhai,,,35000,24600
72,Boka Jayeshbhai Bhikhabhai,,,35000,0
73,Boka Jivrambhai Parthibhai,,,35000,0
74,Boka Jynatibhai Dalubhai,,,35000,35453
75,Boka Kantibhai Dalubhai,,,35000,0
76,Boka Katibhai Dalubhai,,,35000,0
77,Boka Narshibhai Bhikabhai,,,35000,0
78,Boka Rameshbhai Narshibhai,,,35000,0
79,Boka Ramjibhai Jethabhai,,,35000,0
80,Chaduhary Manjibhai Rashangbhai - Agola,,,35000,0
81,Chaudhary Dipakbhai Ghemarbhai,,,35000,0
82,Chaudhary Jayeshbhai Agola,,,35000,0
83,Chaudhary Mogajibhai Agola,,,35000,0
84,Chaudhary Muljibhai Angola,,,35000,0
85,Chaudhary Narshibhai Kalubhai,,,35000,0
86,Chaudhary Rameshbhai Jethabhai,,,35000,0
87,Daka Ashokbhai Madhubhai,,,35000,37440
88,Daka Dineshbhai Devabhai,,,35000,0
89,Dangi Chelabhai Heerabhai,,,35000,0
90,Dangi Galababhai Veershangbhai,,,35000,520
91,Dangi Galbabhai Veerabhai,,,35000,2726
92,Dangi Jagdishbhai Chelabhai,,,35000,0
93,Dangi Megharajbhai Veerabhai,,,35000,0
94,Dangi Valjibhai Parthibhai,,,35000,0
95,Dangi Vinodbhai Premjibhai,,,35000,9984
96,Dangi Vipulbhai Laxmanbhai (Badarpura),,,35000,1000
97,Darabar Kanshing Samdhi,,,35000,0
98,Darbar Gokalshing Samdhi,,,35000,0
99,Darbar Kanshing Bhai,,,35000,0
100,Darbar Kanshing Samdhi,,,35000,0
101,Darbar Kanshingbhai Saamdhi,,,35000,0
102,Darpada Harkhaji,,,35000,0
103,Darpada Vikrambhai Na Bhai,,,35000,0
104,Desai Babubhai Khurshibhai,,,35000,14240
105,Desai Bhurabhai Samdhi,,,35000,0
106,Desai Devkanbhai Delvada,,,35000,0
107,Desai Maganbhai Rasana,,,35000,0
108,Desai Maxibhai Sudha,,,35000,0
109,Desai Rajubhai Maganbhai Rasana,,,35000,38136
110,Dharpada Devchandji,,,35000,0
111,Dharpada Dhiraji,,,35000,0
112,Dharpada Hiraji (Vershingji),,,35000,0
113,Dharpada Hiraji Darbar,,,35000,0
114,Dharpada Hiraji Thakor,,,35000,0
115,Dharpada Sheliji (Hiraji),,,35000,0
116,Dhudiya Bhikhabhai Mafabhai,,,35000,29061
117,Dhudiya Dineshbhai Mafabhai,,,35000,22745
118,Dhudiya Laljibhai Ramshungbhai,,,35000,0
119,Dhudiya Rameshbhai Jeetabhai,,,35000,0
120,Dhudiya Sureshbhai Jeetabhai,,,35000,0
121,Dhudiya Sureshbhai Ramshungbhai,,,35000,9630
122,Fof Laxmanbhai Ujabhai,,,35000,0
123,Fof Meghrajbhai Ujabhai,,,35000,0
124,Fof Rameshbhai Ujabhai,,,35000,4165
125,Fof Sureshbhai Ujabhai,,,35000,0
126,Foshi Maganbhai Kalubhai,,,35000,0
127,Foshi Prabhubhai Maganbhai (Vedancha),,,35000,118775
128,Gabhala Kantibhai Jeevabhai,,,35000,0
129,Gadhvala Desai Palanpur,,,35000,0
130,Galvada Bavji,,,35000,0
131,Gamar Rameshbhai (Deepo),,,35000,0
132,Gamar Rameshbhai Lalabhai (Chetan Galba Judal),,,35000,0
133,Garashiya Rameshbhai Valabhai (Chetan Galba),,,35000,0
134,Gaushala,,,35000,0
135,Gauvshala,,,35000,0
136,Ghabhala Karshanbhai Vedancha,,,35000,0
137,Gobhala Kantibhai,9099318634,,35000,0
138,Gobhalya Kantibhai Jeevabhai,,,35000,0
139,Gol Karshanbhai Ghemarbhai,,,35000,8020
140,Gol Karshanbhai Ghemarbhai - Chandisar,,,35000,10842
141,Gol Rameshbhai Govabhai,,,35000,0
142,Gol Sureshbhai Chandisar,,,35000,4950
143,Gori Abbaskhan Subelkhan,,,35000,280
144,Gori Bhikhabhai,,,35000,0
145,Gori Irshad,,,35000,0
146,Gori Ishrad,,,35000,0
147,Gori Muradkhan Jafarkhan,,,35000,0
148,Gori Muradkhan Khodla,,,35000,945
149,Gori Yunishkhan Muradkhan,,,35000,0
150,Gudalo Amaratbhai Cheharbhai,,,35000,0
151,Gudol Alpeshbhai Laxmanbhai,,,35000,0
152,Gudol Amaratbhai Cheharabhai,,,35000,0
153,Gudol Amaratbhai Parthibhai,,,35000,0
154,Gudol Amartbhai Parthibhai,,,35000,62932
155,Gudol Babubhai Veerabhai,,,35000,0
156,Gudol Bhaveshbhai Parthibhai,,,35000,0
157,Gudol Dhanrajbhai Valjibhai,,,35000,0
158,Gudol Jaguben Muljibhai,,,35000,0
159,Gudol Jayntibhai Cheharabhai,,,35000,0
160,Gudol Jytibhai Chehrabhai,,,35000,28434
161,Gudol Kalpeshbhai Kushkal,,,35000,0
162,Gudol Kesarbhai Valjibhai,,,35000,0
163,Gudol Sureshbhai Laljibhai Agola,,,35000,0
164,Gudol Valjibhai Rajshangbhai,,,35000,22051
165,Gudol Valjibhai Rashangbhai,,,35000,0
166,Gujor Sonalben Agola,,,35000,0
167,Hoda Bavji,,,35000,0
168,Hoda Jagdish Bharthi,,,35000,0
169,Hoda Sanjaybhai,,,35000,0
170,Jarmol Babubhai Chelabhai,,,35000,7508
171,Jarmol Bhikhabhai Jeevabhai,,,35000,0
172,Jarmol Laxmanbhai Jeshungbhai,,,35000,0
173,Jarmol Neetaben K Gadh,,,35000,0
174,Jarmol Shantubhai Jampura,,,35000,4900
175,Judal Amaratbhai Laljibhai,,,35000,5497
176,Judal Amratbhai Laljibhai,,,35000,14950
177,Judal B.C.,,,35000,3930
178,Judal Babhubhai Dalubhai,,,35000,0
179,Judal Babhubhai Ramubhai,,,35000,16575
180,Judal Bakabhai Jasungbhai,,,35000,0
181,Judal Bakulbhai Laljibhai,,,35000,0
182,Judal Bhagvanbhai Dalubhai,,,35000,0
183,Judal Bhagvanbhai Jeshungbhai,,,35000,0
184,Judal Bhagvanbhai Karshanbhai,,,35000,0
185,Judal Chetanbhai Galbabhai,,,35000,0
186,Judal Daljibhai Veershangbhai,,,35000,0
187,Judal Daljibhai Virshangbhai,,,35000,21422
188,Judal Dayabhai Parthibhai,,,35000,0
189,Judal Dhanrajbhai Fatabhai,,,35000,0
190,Judal Dhanrajbhai Shantubhai,,,35000,0
191,Judal Dineshbhai Bacchan,,,35000,0
192,Judal Dineshbhai Bhikhabhai,,,35000,0
193,Judal Dineshbhai Jeshungbhai,,,35000,21540
194,Judal Dineshbhai Muljibhai,,,35000,0
195,Judal Dineshbhai Nanjibhai,,,35000,0
196,Judal Dineshbhai Ramubhai,,,35000,0
197,Judal Dineshbhai Ujabhai,,,35000,6835
198,Judal Galbabhai Hirabhai,,,35000,0
199,Judal Galbabhai Ramjibhai,,,35000,0
200,Judal Galbabhai Ramshungbhai,,,35000,0
201,Judal Ghemarbhai Dhudabhai,,,35000,0
202,Judal Ghemarbhai Ramshungbhai,,,35000,0
203,Judal Ghemarbhai Rashangbhai,,,35000,11814
204,Judal Haribhai Mavabhai,,,35000,0
205,Judal Hashmukhbhai Bhagvanbhai,,,35000,0
206,Judal Hasmukhbhai Bhagvanbhai,,,35000,0
207,Judal Hasmukhbhai Bhgvanbhai,,,35000,0
208,Judal Heenaben Dineshbhai,,,35000,0
209,Judal Jashungbhai Bhikhabhai,,,35000,0
210,Judal Jeetabhai Moghabhai,,,35000,0
211,Judal Jeetuben Manjibhai,,,35000,625
212,Judal Jeshungbhai Bhikhabhai,,,35000,0
213,Judal Jyantibhai Narthabhai (Guru),,,35000,0
214,Judal Jyantibhai Nathabhai,,,35000,0
215,Judal Kalpeshbhai Veershangbhai,,,35000,0
216,Judal Kalpeshbhai Virshangbhai,,,35000,0
217,Judal Kameshbhai Virtshangbhai,,,35000,0
218,Judal Kamleshbhai Laljibhai,,,35000,0
219,Judal Kamleshbhai Laxmanbhai,,,35000,1371
220,Judal Kamleshbhai Shomabhai,,,35000,0
221,Judal Kantibhai Bhikhabhai,,,35000,15082
222,Judal Kantibhai Dalajibhai,,,35000,16943
223,Judal Kantibhai Nanjibhai,,,35000,0
224,Judal Kantibhai Ramshungbhai,,,35000,0
225,Judal Kantibhai Ramshungbhai Bajivala,,,35000,0
226,Judal Kantibhai Shomabhai,,,35000,4864
227,Judal Kantibhai Somabhai,,,35000,0
228,Judal Karshanbhai Daljibhai,,,35000,0
229,Judal Kesarbhai Laxmanbhai,,,35000,0
230,Judal Kesarbhai Narshibhai,,,35000,0
231,Judal Kesarbhai Narshinhbhai,,,35000,50938
232,Judal Kirtibhai Bhagvanbhai,,,35000,0
233,Judal Kirtibhai Nathabhai,,,35000,42172
234,Judal Lajibhai Somabhai,,,35000,0
235,Judal Laljibhai Shomabhai,,,35000,46733
236,Judal Laxmanbhai Jashugbhai Bhajivala,,,35000,0
237,Judal Laxmanbhai Parthibhai,,,35000,0
238,Judal Laxmanbhai Ramubhai,,,35000,4887
239,Judal Mafatbhai Virshangbhai,,,35000,0
240,Judal Maheshbhai Ramshungbhai,,,35000,0
241,Judal Maheshbhai Sadabhai,,,35000,0
242,Judal Manjibhai Parthibhai,,,35000,0
243,Judal Mehulbhai Sadabhai,,,35000,0
244,Judal Mogajibhai Bhikhabhai Chadotar,,,35000,0
245,Judal Mukeshbhai Laxmanbhai,,,35000,0
246,Judal Muljibhai Kalubhai,,,35000,0
247,Judal Nagjibhai Nanjibhai,,,35000,0
248,Judal Nareshbhai Devabhai,,,35000,18700
249,Judal Nareshbhai Parthibhai,,,35000,0
250,Judal Nareshbhai Ramshungbhai,,,35000,0
251,Judal Nathabhai Fatabhai,,,35000,0
252,Judal Neeruben Ashokbhai Kushkal,,,35000,0
253,Judal Neeruben Hasmukhbhai,,,35000,0
254,Judal Prakashbhai Virshangbhai,,,35000,0
255,Judal Praveenbhai Bhagavanbhai,,,35000,0
256,Judal Praveenbhai Bhagvanbhai,,,35000,0
257,Judal Pravinbhai Veershangbhai,,,35000,16962
258,Judal Rajnibhai Mafabhai,,,35000,0
259,Judal Rajubhai Valjibhai,,,35000,0
260,Judal Rameshbhai Babubhai,,,35000,0
261,Judal Rameshbhai Ramshungbhai,,,35000,0
262,Judal Rameshbhai Ramubhai,,,35000,0
263,Judal Rameshbhai Shomabhai,,,35000,11732
264,Judal Rameshbhai Somabhai,,,35000,0
265,Judal Ramjibhai Karshanbhai,,,35000,8753
266,Judal Ramshungbhai Dhudabhai,,,35000,0
267,Judal Ramshungbhai Shomabhai,,,35000,0
268,Judal Rasabhai Paragbhai,,,35000,16450
269,Judal Sadabhai Jeevabhai,,,35000,0
270,Judal Sadabhai Kalubhai,,,35000,0
271,Judal Sanjaybhai Bhagvanbhai,,,35000,2100
272,Judal Sardarbhai Nanjibhai,,,35000,22127
273,Judal Shileshbhai Daljibhai Kubhasan,,,35000,0
274,Judal Shileshbhai Ghemarbhai,,,35000,0
275,Judal Sileshbhai Nanjibhai Badarpura,,,35000,0
276,Judal Sureshbhai Bhikhabhai,,,35000,0
277,Judal Valjibhai Savabhai,,,35000,0
278,Judal Valjibhai Vedcha,,,35000,0
279,Judal Valjibhai Veershangbhai,,,35000,0
280,Judal Valjibhai Virshangbhai,,,35000,0
281,Judal Veerabhai Fatabhai,,,35000,14662
282,Judal Veerabhai Somabhai,,,35000,0
283,Judal Virshangbhai Shomabhai,,,35000,32431
284,Judal.Dineshbhai nanjibhai,,,35000,0
285,Judal.Ghemarbhai Rajsagbhai,,,35000,0
286,Juva Chelabhai Jeevabhai Chadotar,,,35000,0
287,Juva Karshanbhai Lakhori,,,35000,0
288,Juva Ratubhai Jeevabhai,,,35000,11007
289,Kag Babubhai Dalshangbhai,,,35000,0
290,Kag Dhudabhai Vedancha,,,35000,16170
291,Kag Dineshbhai Jasungbhai,,,35000,0
292,Kag Dineshbhai Vedancha,,,35000,0
293,Kag Kamleshbhai Galbabhai,,,35000,0
294,Kag Kantibhai Ramshungbhai,,,35000,0
295,Kag Mafatbhai Ramshungbhai,,,35000,0
296,Kag Nathubhai Laxmanbhai,,,35000,0
297,Kag Praveenbhai Laxmanbhai,,,35000,0
298,Kag Riteshbhai Dalijibhai,,,35000,0
299,Kakavadiya Alpeshbhai Ghemarbhai (Deny),,,35000,0
300,Kakavadiya Bhagvanbhai,,,35000,22231
301,Kakavadiya Maheshbhai Romjibhai,,,35000,0
302,Kakavadiya Sureshbhai Chandichar,,,35000,0
303,Kakavadiya Sureshbhai Chandisar,,,35000,0
304,Kakvadiya Babubhai Chandisar,,,35000,0
305,Kakvadiya Bhagavanbhai Chandisar,,,35000,0
306,Kakvadiya Maheshbhai Ramjibhai,,,35000,0
307,Kakvadiya Maheshbhai Ramshungbhai,,,35000,0
308,Kakvadiya Sanjaybhai Chandisar,,,35000,0
309,Kakvadiya Sanjaybhai Kantibhai,,,35000,0
310,Kakvadiya Sureshbhai Chandisar,,,35000,0
311,Kanubhai Muljibhai Kushkal,,,35000,0
312,Karshan Bhikhabhai Godadbhai,,,35000,0
313,Khabhala Kantibhai Jeevabhai,,,35000,0
314,Khabhla Kantibhai Jeevabhai,,,35000,0
315,Kharsan Babubhai Chadotar,,,35000,0
316,Kharsan Bhikhabhai Godadbhai,,,35000,0
317,Kharsan Bhupatbhai Savajibhai,,,35000,0
318,Kharsan Bhupatbhai Savjibhai,,,35000,0
319,Kharsan Bhupatbhai Shavjibhai,,,35000,0
320,Kharsan Dineshbhai Manjibhai,,,35000,0
321,Kharsan Mogjibhai Daljibhai,,,35000,9098
322,Kharsan Rameshbhai Laxmanbhai,,,35000,0
323,Kharshan Bhupatbhai Savjibhai,,,35000,0
324,Khasa Vajeerkhan,,,35000,1981
325,Khasha Jafarkhan,,,35000,0
326,Kubhasan Bavji,,,35000,0
327,Kubhasan Shokatbhai,,,35000,2552
328,Kumatiya Rafikbhai Ismilbhai,,,35000,30774
329,Kuniya Ramjibhai Premjibhai Agola,,,35000,0
330,Kuva Devabhai Mavabhai,,,35000,0
331,Kuva Nareshbhai Sudha,,,35000,0
332,Kuva Rajubhai Ramshungbhai,,,35000,0
333,Kuva Rameshbhai Somabhai,,,35000,2015
334,Kuva.Rajubhai Ramsugbhai,,,35000,17081
335,Loh Amaratbhai Fatabhai,,,35000,0
336,Loh Babubhai Bhagvanabhai,,,35000,0
337,Loh Babubhai Bhagvanbhai,,,35000,0
338,Loh Babubhai Chadotar,,,35000,0
339,Loh Bhagvanbhai Virshangbhai,,,35000,0
340,Loh Deepakbhai Ramjibhai,,,35000,0
341,Loh Dhanrajbhai Parthibhai,,,35000,0
342,Loh Dilipbhai Ramjibhai,,,35000,10200
343,Loh Dineshbhai Fatabhai,,,35000,0
344,Loh Dineshbhai Nanjibhai,,,35000,50819
345,Loh Dineshbhai Sadabhai,,,35000,0
346,Loh Dineshbhai Savabhai,,,35000,0
347,Loh Dineshbhai Shantubhai,,,35000,9740
348,Loh Hiteshbhai Shomabhai,,,35000,66607
349,Loh Jayeshbhai Kanjibhai,,,35000,0
350,Loh Jeetabhai Moghabhai,,,35000,0
351,Loh Jyantibhai Moghabhai,,,35000,0
352,Loh Kantibhai Dalubhai,,,35000,0
353,Loh Kantibhai Poojabhai,,,35000,0
354,Loh Kantibhai Sadabhai,,,35000,0
355,Loh Laxmanbhai Parthibhai,,,35000,0
356,Loh Mafatbhai Nanjibhai,,,35000,0
357,Loh Manjibhai Fatabhai,,,35000,7215
358,Loh Manjibhai Narshangbhai,,,35000,8150
359,Loh Mogjibhai Fatabhai,,,35000,0
360,Loh Narshibhai Veerabhai Chadotar,,,35000,0
361,Loh Nikhilbhai Manjibhai,,,35000,465
362,Loh Prahaladbhai Poojabhai - Agola,,,35000,0
363,Loh Preveenbhai Savabhai,,,35000,2177
364,Loh Raghubhai Poojabhai,,,35000,0
365,Loh Rameshbhai Bhagvanbhai,,,35000,0
366,Loh Rameshbhai Dhojibhai,,,35000,0
367,Loh Ramjibhai Moghabhai,,,35000,0
368,Loh Rashubhai Umedbhai,,,35000,0
369,Loh Santubhai Veerabhai,,,35000,0
370,Loh Sardarbhai Bheekhabhai,,,35000,0
371,Loh Sardarbhai Bhikhabhai,,,35000,0
372,Loh Shantubhai Veerabhai,,,35000,27555
373,Loh Shileshbhai Manjibhai,,,35000,0
374,Loh Sureshbha Shantubhai,,,35000,0
375,Loh Sureshbhai Santubhai,,,35000,0
376,Loh Sureshbhai Shantubhai,,,35000,15345
377,Menat Parkashbhai Madana,,,35000,0
378,Menat Prakashbhai Madana,,,35000,0
379,Mor Ashokbhai Vedancha,,,35000,2000
380,Mor Babubhai Vedancha,,,35000,0
381,Mor Bhikhabhai Gadha,,,35000,0
382,Mor Cheharabhai Abhubhai,,,35000,13410
383,Mor Daljibhai Vedancha,,,35000,10455
384,Mor Dineshbhai Ratubhai Vasna,,,35000,0
385,Mor Galbabhai Vedancha,,,35000,20760
386,Mor Jyantibhai Nathabhai Vedancha,,,35000,0
387,Mor Kantibhai Vedancha,,,35000,4907
388,Mor Kirtibhai Vedancha,,,35000,0
389,Mor Lavjibhai Abhubhai (Badarpura),,,35000,75031
390,Mor Rameshbhai Nanjibhai Vedancha,,,35000,16157
391,Mor Rameshbhai Nathabhai,,,35000,20585
392,Mor Ushaben Vedancha,,,35000,230
393,Mujadiya Ashokbhai Jagmalbhai,,,35000,20700
394,Palani Amthabhai Savabbhai,,,35000,0
395,Palani Bhagvanbhai na sasre,,,35000,2664
396,Palani Bhagvanbhai Ratnabhai,,,35000,10013
397,Palani Bharatbhai Ratnabhai,,,35000,0
398,Palani Bhikhabhai Gamabhai,,,35000,800
399,Palani Dalpatrbhai Shantubhai,,,35000,0
400,Palani Ishvarbhai Bababhai,,,35000,0
401,Palani Magabhai Khodabhai,,,35000,0
402,Palani Mahendra,,,35000,5232
403,Palani Mahendrabhai Parthibhai,,,35000,12855
404,Palani Maheshbhai Khemabhai,,,35000,700
405,Palani Naranbhai Shantubhai,,,35000,800
406,Palani Nareshbhai Ishvarbhai,,,35000,0
407,Palani Ravjibhai Kanjibhai,,,35000,0
408,Patel Ambaram Devpura,,,35000,0
409,Patel Dipakbhai Vedancha,,,35000,0
410,Patel Gangaram Devpura,,,35000,0
411,Patel Karshanbhai Vedancha,,,35000,0
412,Patel Nareshbhai Vedancha,,,35000,0
413,Potrod Sureshbhai Karshanbhai,,,35000,250
414,Prajapati Jethabhai Kalubhai,,,35000,0
415,Prajapati Jyantibhai Dugarbhai,,,35000,0
416,Prajapti Maganbhai Kalubhai,,,35000,0
417,Prakashpuri Khodla,,,35000,0
418,Rajput Kesarbhai Vedancha,,,35000,0
419,Ramatar Parkashbhai Tajpura,,,35000,0
420,Rameshbhai Bhagat Jasu,,,35000,33867
421,Ratada Haribhai Laxmanbhai Badharpura,,,35000,2482
422,Ratada Megharajbhai Badarpura,,,35000,0
423,Retail,,,35000,0
424,Satoliya Rameshbhai Vedancha,,,35000,0
425,Savaya Jyantibhai Kanjibhai,,,35000,12490
426,Shukhatbhai Kubhasan,9898775295,,35000,7568
427,Solaki Kantibhai,,,35000,0
428,Takor Bajubhai Galbabhai,,,35000,0
429,Talegadh,,,35000,0
430,Thakor Amaratbhai Dharmabhai,,,35000,0
431,Thakor Amaratbhai Ramchandbhai,,,35000,0
432,Thakor Amartbhai Chamanbhai,,,35000,1445
433,Thakor Amratbhai Manabhai,,,35000,0
434,Thakor Arvindbhai Khasa,,,35000,23707
435,Thakor Ashokbhai Bijanbhai,,,35000,0
436,Thakor Bajubhai Galbabhai,,,35000,0
437,Thakor Bajuji Galbaji Chandisar,,,35000,7428
438,Thakor Balvantbhai Chaganbhai,,,35000,0
439,Thakor Balvatbhai Chaganbhai,,,35000,1430
440,Thakor Bhagvanbhai Shantubhai,,,35000,0
441,Thakor Bharatbhai Bajubhai,,,35000,0
442,Thakor Bharatbhai Vedancha,,,35000,756
443,Thakor Bharatji Samdhi,,,35000,0
444,Thakor Bhaveshbhai Vedancha,,,35000,0
445,Thakor Bhikhiben Veershangbhai,,,35000,0
446,Thakor Bhoobhaji Dhooraji,,,35000,0
447,Thakor Bhoobhaji Hooraji,,,35000,0
448,Thakor Bhubhabhai Durabhai,,,35000,0
449,Thakor Bhupatbhai Banabhai,,,35000,0
450,Thakor Bhupatbhai Veerchandbhai,,,35000,227
451,Thakor Chamanji Takhaji,,,35000,0
452,Thakor Devchandji Dharpada,,,35000,0
453,Thakor Dhanrajbhai Dharpada,,,35000,0
454,Thakor Dharjibhai Galbabhai Chandisar,,,35000,1010
455,Thakor Dheeraji Dharpada,,,35000,0
456,Thakor Dineshbhai Dharpada,,,35000,0
457,Thakor Hemchandbhai Khodla,,,35000,0
458,Thakor Hemchandji,,,35000,5650
459,Thakor Hemchandji Khodla,,,35000,0
460,Thakor Jadishbhai Ishavarbhai,,,35000,0
461,Thakor Jagdishbhai Ishavrbhai,,,35000,0
462,Thakor Jagdishbhai Ishvarbhai,,,35000,0
463,Thakor Jagdishbhai Khegarbhai,,,35000,350
464,Thakor Jasungji Parthiji,,,35000,0
465,Thakor Javanbhai Motibhai,,,35000,6162
466,Thakor Jaxshibhai Hurabhai,,,35000,5357
467,Thakor Jyantibhai Madhubhai,,,35000,0
468,Thakor Kubhaji Huraji,,,35000,1286
469,Thakor Laxmanji Menaji,,,35000,0
470,Thakor Mahendrabhai Sudha Ronera,,,35000,0
471,Thakor Maheshbhai Bajubhai,,,35000,310
472,Thakor Manchaji Samdhi,,,35000,0
473,Thakor Momatji Saradarji,,,35000,0
474,Thakor Nagjibhai Hamirbhai,,,35000,0
475,Thakor Parbatbhai Ghemarbhai,,,35000,0
476,Thakor Pochaji Dharpada,,,35000,0
477,Thakor Prabhatbhai Khengarbhai,,,35000,0
478,Thakor Praveenbhai Gulabbhai,,,35000,0
479,Thakor Radhuji Ghemarji,,,35000,0
480,Thakor Rameshbhai Danshungbhai,,,35000,0
481,Thakor Rameshbhai Poojabhai,,,35000,0
482,Thakor Rameshji Samdhi,,,35000,0
483,Thakor Rangnathji Khodla,,,35000,2025
484,Thakor Ransaji Raghjiji,,,35000,0
485,Thakor Savjibhai Hamirbhai,,,35000,0
486,Thakor Savjibhai Ramchandbhai,,,35000,0
487,Thakor Sevantibhai Kapoorbhai,,,35000,782
488,Thakor Shanjiji Jagmalji,,,35000,30557
489,Thakor Shankarbhai Ranpur,,,35000,1562
490,Thakor Shavjibhai Ramchandbhai (Bhai),,,35000,2442
491,Thakor Vinshubhai Dheerajbhai,,,35000,0
492,Thakor Vipulbhai Chaganbhai,,,35000,0
493,Thakor. Ramesh bhai pujabhai,,,35000,0
494,Thakor.Rameshbhai Pujabhai,,,35000,0
495,Umarbhai Kotavala Chadotar,,,35000,0
496,Unava Satishbhai,,,35000,0
497,Uplana Amaratbhai Laljibhai,,,35000,2100
498,Vaghela Ashokbhai Chelabhai,,,35000,10830
499,Vaghela Mukeshbhai Chelabhai,,,35000,1470
500,Vaghela Praveenbhai Chelabhai,,,35000,4600
501,Vaghela Veerchandbhai Bhathibhai,,,35000,0
502,Valagot Ashokbhai Parathibhai Vedancha,,,35000,16295
503,Valagot Ashokbhai Parthibhai,,,35000,30790
504,Valagot Ashwinbhai Daljibhai - Vedancha,,,35000,0
505,Valagot Babubhai Chelabhai,,,35000,0
506,Valagot Babubhai Parthibhai,,,35000,0
507,Valagot Devabhai,,,35000,0
508,Valagot Dipakbhai Mavjibhai,,,35000,15755
509,Valagot Ghemarbhai Manjibhai,,,35000,0
510,Valagot Jayntibhai Surati,,,35000,0
511,Valagot Jyantibhai Vedancha,,,35000,0
512,Valagot Kantibhai Somabhai,,,35000,0
513,Valagot Kantibhai Vedancha,,,35000,0
514,Valagot Manjibhai Fuva,,,35000,0
515,Valagot Mavjibhai (Fuva),,,35000,0
516,Valagot Nikulbhai Shantubhai,,,35000,15372
517,Valagot Vedancha,,,35000,0
518,Ratada Lavjibhai Laxmanbhai,,,35000,0
519,Shipai Musabhai,,,35000,0
520,Thakor Harchandji Laxmanji,,,35000,0