id,date,customerId,customerName,type,category,weight,amount,cashPaid,remainingDue,notes
open_2026_1_001,2026-08-31,1,Abbasbhai,OPENING_DUE,,,17002,0,17002,Baseline Outstanding Balance as of 31-Aug-2026 (Abbasbhai Chadotar)
open_2026_3_002,2026-08-31,3,Akoliya Ashokbhai Dhanrajbhai,OPENING_DUE,,,15750,0,15750,Baseline Outstanding Balance as of 31-Aug-2026 (Akoliya Ashokbhai Dhanrajbhai)
open_2026_4_003,2026-08-31,4,Akoliya Bhagvanbhai Kalubhai,OPENING_DUE,,,13080,0,13080,Baseline Outstanding Balance as of 31-Aug-2026 (Akoliya Bhagvanbhai Kalubhai)
open_2026_6_004,2026-08-31,6,Akoliya Bhagvanbhai Valubhai,OPENING_DUE,,,16895,0,16895,Baseline Outstanding Balance as of 31-Aug-2026 (Akoliya Bhagvanbhai Valubhai)
open_2026_8_005,2026-08-31,8,Akoliya Devabhai Shomabhai,OPENING_DUE,,,39040,0,39040,Baseline Outstanding Balance as of 31-Aug-2026 (Akoliya Devabhai Shomabhai Chadotar)
open_2026_9_006,2026-08-31,9,Akoliya Dhanrajbhai Virshangbhai,OPENING_DUE,,,14900,0,14900,Baseline Outstanding Balance as of 31-Aug-2026 (Akoliya Dhanrajbhai Virshangbhai)
open_2026_10_007,2026-08-31,10,Akoliya Galababhai Devabhai,OPENING_DUE,,,194313,0,194313,Baseline Outstanding Balance as of 31-Aug-2026 (Akoliya Galbabhai Devabhai)
open_2026_13_008,2026-08-31,13,Akoliya Nareshbhai Becharbhai,OPENING_DUE,,,3354,0,3354,Baseline Outstanding Balance as of 31-Aug-2026 (Akoliya Nareshbhai Becharbhai)
open_2026_14_009,2026-08-31,14,Akoliya Sardarbhai Shomabhai,OPENING_DUE,,,6056,0,6056,Baseline Outstanding Balance as of 31-Aug-2026 (Akoliya Sardarbhai Shomabhai)
open_2026_18_010,2026-08-31,18,Bavji,OPENING_DUE,,,40582,0,40582,Baseline Outstanding Balance as of 31-Aug-2026 (Bavji Vedancha)
open_2026_19_011,2026-08-31,19,Bera Amartbhai Karsanbhai,OPENING_DUE,,,13545,0,13545,Baseline Outstanding Balance as of 31-Aug-2026 (Bera Amartbhai Karsanbhai)
open_2026_23_012,2026-08-31,23,Bera Dineshbhai Savabhai,OPENING_DUE,,,10600,0,10600,Baseline Outstanding Balance as of 31-Aug-2026 (Bera Dineshbhai Savabhai)
open_2026_25_013,2026-08-31,25,Bera Jankiben Rakeshbhai,OPENING_DUE,,,10217,0,10217,Baseline Outstanding Balance as of 31-Aug-2026 (Bera Jankiben Rakeshbhai)
open_2026_26_014,2026-08-31,26,Bera Kantibhai Ujabhai,OPENING_DUE,,,15065,0,15065,Baseline Outstanding Balance as of 31-Aug-2026 (Bera Kantibhai Ujabhai)
open_2026_30_015,2026-08-31,30,Bera Laxmanbhai Meghabhai,OPENING_DUE,,,33109,0,33109,Baseline Outstanding Balance as of 31-Aug-2026 (Bera Laxmanbhai Meghabhai)
open_2026_31_016,2026-08-31,31,Bera Mafatbhai Parthibhai,OPENING_DUE,,,22119,0,22119,Baseline Outstanding Balance as of 31-Aug-2026 (Bera Mafatbhai Parthibhai)
open_2026_32_017,2026-08-31,32,Bera Nareshbhai Karshanbhai,OPENING_DUE,,,18337,0,18337,Baseline Outstanding Balance as of 31-Aug-2026 (Bera Nareshbhai Karshanbhai)
open_2026_33_018,2026-08-31,33,Bera Praveenbhai Parthibhai,OPENING_DUE,,,134349,0,134349,Baseline Outstanding Balance as of 31-Aug-2026 (Bera Praveenbhai Parthibhai)
open_2026_38_019,2026-08-31,38,Bera Rashanghbhai Dohjibhai,OPENING_DUE,,,110992,0,110992,Baseline Outstanding Balance as of 31-Aug-2026 (Bera Rajsangbhai Dohjibhai)
open_2026_37_020,2026-08-31,37,Bera Ramshungbhai Parthibhai,OPENING_DUE,,,25343,0,25343,Baseline Outstanding Balance as of 31-Aug-2026 (Bera Ramshungbhai Parthibhai)
open_2026_48_021,2026-08-31,48,Bhutadiy Galbabhai Dalubhai,OPENING_DUE,,,19062,0,19062,Baseline Outstanding Balance as of 31-Aug-2026 (Bhutadiy Galbabhai Dalubhai)
open_2026_49_022,2026-08-31,49,Bhutadiya Babubhai Bhemabhai,OPENING_DUE,,,22475,0,22475,Baseline Outstanding Balance as of 31-Aug-2026 (Bhutadiya Babubhai Bhemabhai)
open_2026_53_023,2026-08-31,53,Bhutadiya Devabhai Pujabhai,OPENING_DUE,,,9400,0,9400,Baseline Outstanding Balance as of 31-Aug-2026 (Bhutadiya Devabhai Pujabhai)
open_2026_56_024,2026-08-31,56,Bhutadiya Dineshbhai Veerabhai,OPENING_DUE,,,33830,0,33830,Baseline Outstanding Balance as of 31-Aug-2026 (Bhutadiya Dineshbhai Veerabhai)
open_2026_56_025,2026-08-31,56,Bhutadiya Dineshbhai Veerabhai,OPENING_DUE,,,14400,0,14400,Baseline Outstanding Balance as of 31-Aug-2026 (Bhutadiya Dineshbhai Veershangbhai)
open_2026_57_026,2026-08-31,57,Bhutadiya Ganeshbhai Jethabhai,OPENING_DUE,,,34418,0,34418,Baseline Outstanding Balance as of 31-Aug-2026 (Bhutadiya Ganeshbhai Jethabhai)
open_2026_58_027,2026-08-31,58,Bhutadiya Ghemarbhai Dalubhai,OPENING_DUE,,,17687,0,17687,Baseline Outstanding Balance as of 31-Aug-2026 (Bhutadiya Ghemarbhai Dalubhai)
open_2026_59_028,2026-08-31,59,Bhutadiya Heerabhai Fatabhai,OPENING_DUE,,,12265,0,12265,Baseline Outstanding Balance as of 31-Aug-2026 (Bhutadiya Heerabhai Fatabhai)
open_2026_60_029,2026-08-31,60,Bhutadiya Jagdishbhai Bhagvanbhai,OPENING_DUE,,,15847,0,15847,Baseline Outstanding Balance as of 31-Aug-2026 (Bhutadiya Jagdishbhai Bhagvanbhai)
open_2026_62_030,2026-08-31,62,Bhutadiya Jashungbhai Ramshungbbhai,OPENING_DUE,,,2347,0,2347,Baseline Outstanding Balance as of 31-Aug-2026 (Bhutadiya Jashungbhai Ramshungbbhai)
open_2026_66_031,2026-08-31,66,Bhutadiya Kirtibhai Ramshungbhai,OPENING_DUE,,,910,0,910,Baseline Outstanding Balance as of 31-Aug-2026 (Bhutadiya Kirtibhai Ramshungbhai)
open_2026_67_032,2026-08-31,67,Bhutadiya Laljibhai Veerabhai,OPENING_DUE,,,75006,0,75006,Baseline Outstanding Balance as of 31-Aug-2026 (Bhutadiya Laljibhai Veerabhai)
open_2026_76_033,2026-08-31,76,Boka Dipakbhai Parthibhai,OPENING_DUE,,,79889,0,79889,Baseline Outstanding Balance as of 31-Aug-2026 (Boka Dipakbhai Parthibhai)
open_2026_75_034,2026-08-31,75,Boka Dhanrajbhai Bhemjibhai,OPENING_DUE,,,14655,0,14655,Baseline Outstanding Balance as of 31-Aug-2026 (Boka Dhanrajbhai Bhemjibhai)
open_2026_79_035,2026-08-31,79,Boka Jyantibhai Dalubhai,OPENING_DUE,,,15882,0,15882,Baseline Outstanding Balance as of 31-Aug-2026 (Boka Jynatibhai Dalubhai)
open_2026_87_036,2026-08-31,87,Chaudhary Mogajibhai,OPENING_DUE,,,2027,0,2027,Baseline Outstanding Balance as of 31-Aug-2026 (Chaudhary Mogajibhai Agola)
open_2026_95_037,2026-08-31,95,Dangi Chelabhai Heerabhai,OPENING_DUE,,,5630,0,5630,Baseline Outstanding Balance as of 31-Aug-2026 (Dangi Chelabhai Heerabhai)
open_2026_98_038,2026-08-31,98,Dangi Megharajbhai Veerabhai,OPENING_DUE,,,12290,0,12290,Baseline Outstanding Balance as of 31-Aug-2026 (Dangi Megharajbhai Veerabhai)
open_2026_101_039,2026-08-31,101,Dangi Vipulbhai Laxmanbhai,OPENING_DUE,,,22903,0,22903,Baseline Outstanding Balance as of 31-Aug-2026 (Dangi Vipulbhai Laxmanbhai (Badarpura))
open_2026_108_040,2026-08-31,108,Desai Babubhai Khurshibhai,OPENING_DUE,,,15936,0,15936,Baseline Outstanding Balance as of 31-Aug-2026 (Desai Babubhai Khurshibhai)
open_2026_109_041,2026-08-31,109,Desai Bhurabhai,OPENING_DUE,,,3132,0,3132,Baseline Outstanding Balance as of 31-Aug-2026 (Desai Bhurabhai Samdhi)
open_2026_113_042,2026-08-31,113,Desai Rajubhai Maganbhai Rasana,OPENING_DUE,,,4622,0,4622,Baseline Outstanding Balance as of 31-Aug-2026 (Desai Rajubhai Maganbhai Rasana)
open_2026_116_043,2026-08-31,116,Dhudiya Dineshbhai Mafabhai,OPENING_DUE,,,107413,0,107413,Baseline Outstanding Balance as of 31-Aug-2026 (Dhudiya Dineshbhai Mafabhai)
open_2026_117_044,2026-08-31,117,Dhudiya Laljibhai Ramshungbhai,OPENING_DUE,,,20129,0,20129,Baseline Outstanding Balance as of 31-Aug-2026 (Dhudiya Laljibhai Ramshungbhai)
open_2026_122_045,2026-08-31,122,Fof Babubhai Ujabhai,OPENING_DUE,,,35530,0,35530,Baseline Outstanding Balance as of 31-Aug-2026 (Fof Babubhai Ujabhai)
open_2026_126_046,2026-08-31,126,Fof Sureshbhai Ujabhai,OPENING_DUE,,,63300,0,63300,Baseline Outstanding Balance as of 31-Aug-2026 (Fof Sureshbhai Ujabhai)
open_2026_128_047,2026-08-31,128,Foshi Prabhubhai Maganbhai,OPENING_DUE,,,9520,0,9520,Baseline Outstanding Balance as of 31-Aug-2026 (Foshi Maganbhai Kalubhai)
open_2026_128_048,2026-08-31,128,Foshi Prabhubhai Maganbhai,OPENING_DUE,,,181027,0,181027,Baseline Outstanding Balance as of 31-Aug-2026 (Foshi Prabhubhai Maganbhai (Vedancha))
open_2026_17_049,2026-08-31,17,Bavji,OPENING_DUE,,,5830,0,5830,Baseline Outstanding Balance as of 31-Aug-2026 (Galvada Bavji)
open_2026_130_050,2026-08-31,130,Gamar Rameshbhai,OPENING_DUE,,,80,0,80,Baseline Outstanding Balance as of 31-Aug-2026 (Gamar Rameshbhai (Deepo))
open_2026_133_051,2026-08-31,133,Gaushala,OPENING_DUE,,,13400,0,13400,Baseline Outstanding Balance as of 31-Aug-2026 (Gauvshala)
open_2026_136_052,2026-08-31,136,Gol Karshanbhai Ghemarbhai,OPENING_DUE,,,2900,0,2900,Baseline Outstanding Balance as of 31-Aug-2026 (Gol Karshanbhai Ghemarbhai)
open_2026_137_053,2026-08-31,137,Gol Rameshbhai Govabhai,OPENING_DUE,,,842,0,842,Baseline Outstanding Balance as of 31-Aug-2026 (Gol Rameshbhai Govabhai)
open_2026_139_054,2026-08-31,139,Gori Abbaskhan Subelkhan,OPENING_DUE,,,1950,0,1950,Baseline Outstanding Balance as of 31-Aug-2026 (Gori Abbaskhan Subelkhan)
open_2026_140_055,2026-08-31,140,Gori Bhikhabhai,OPENING_DUE,,,280,0,280,Baseline Outstanding Balance as of 31-Aug-2026 (Gori Bhikhabhai)
open_2026_141_056,2026-08-31,141,Gori Irshad,OPENING_DUE,,,6000,0,6000,Baseline Outstanding Balance as of 31-Aug-2026 (Gori Irshad)
open_2026_145_057,2026-08-31,145,Gudol Alpeshbhai Laxmanbhai,OPENING_DUE,,,37262,0,37262,Baseline Outstanding Balance as of 31-Aug-2026 (Gudol Alpeshbhai Laxmanbhai)
open_2026_148_058,2026-08-31,148,Gudol Babubhai Veerabhai,OPENING_DUE,,,27932,0,27932,Baseline Outstanding Balance as of 31-Aug-2026 (Gudol Babubhai Veerabhai)
open_2026_155_059,2026-08-31,155,Gudol Kesarbhai Valjibhai,OPENING_DUE,,,34140,0,34140,Baseline Outstanding Balance as of 31-Aug-2026 (Gudol Kesarbhai Valjibhai)
open_2026_159_060,2026-08-31,159,Gujor Sonalben,OPENING_DUE,,,16117,0,16117,Baseline Outstanding Balance as of 31-Aug-2026 (Gujor Sonalben Agola)
open_2026_161_061,2026-08-31,161,Hoda Jagdish Bharthi,OPENING_DUE,,,1050,0,1050,Baseline Outstanding Balance as of 31-Aug-2026 (Hoda Jagdish Bharthi)
open_2026_162_062,2026-08-31,162,Hoda Sanjaybhai,OPENING_DUE,,,2815,0,2815,Baseline Outstanding Balance as of 31-Aug-2026 (Hoda Sanjaybhai)
open_2026_166_063,2026-08-31,166,Jarmol Babubhai Chelabhai,OPENING_DUE,,,12302,0,12302,Baseline Outstanding Balance as of 31-Aug-2026 (Jarmol Babubhai Chelabhai)
open_2026_167_064,2026-08-31,167,Jarmol Bhikhabhai Jeevabhai,OPENING_DUE,,,32092,0,32092,Baseline Outstanding Balance as of 31-Aug-2026 (Jarmol Bhikhabhai Jeevabhai)
open_2026_174_065,2026-08-31,174,Judal Amaratbhai Daljibhai,OPENING_DUE,,,18102,0,18102,Baseline Outstanding Balance as of 31-Aug-2026 (Judal Amaratbhai Daljibhai)
open_2026_175_066,2026-08-31,175,Judal Amaratbhai Laljibhai,OPENING_DUE,,,42537,0,42537,Baseline Outstanding Balance as of 31-Aug-2026 (Judal Amratbhai Laljibhai)
open_2026_178_067,2026-08-31,178,Judal Babhubhai Dalubhai,OPENING_DUE,,,8070,0,8070,Baseline Outstanding Balance as of 31-Aug-2026 (Judal Babhubhai Dalubhai)
open_2026_180_068,2026-08-31,180,Judal Bakabhai Jeshungbhai,OPENING_DUE,,,7355,0,7355,Baseline Outstanding Balance as of 31-Aug-2026 (Judal Bakabhai Jasungbhai)
open_2026_181_069,2026-08-31,181,Judal Bakulbhai Laljibhai,OPENING_DUE,,,16312,0,16312,Baseline Outstanding Balance as of 31-Aug-2026 (Judal Bakulbhai Laljibhai)
open_2026_187_070,2026-08-31,187,Judal Dayabhai Parthibhai,OPENING_DUE,,,12097,0,12097,Baseline Outstanding Balance as of 31-Aug-2026 (Judal Dayabhai Parthibhai)
open_2026_190_071,2026-08-31,190,Judal Dineshbhai Bacchan,OPENING_DUE,,,15660,0,15660,Baseline Outstanding Balance as of 31-Aug-2026 (Judal Dineshbhai Bacchan)
open_2026_192_072,2026-08-31,192,Judal Dineshbhai Jeshungbhai,OPENING_DUE,,,3160,0,3160,Baseline Outstanding Balance as of 31-Aug-2026 (Judal Dineshbhai Jeshungbhai)
open_2026_193_073,2026-08-31,193,Judal Dineshbhai Muljibhai,OPENING_DUE,,,38877,0,38877,Baseline Outstanding Balance as of 31-Aug-2026 (Judal Dineshbhai Muljibhai)
open_2026_194_074,2026-08-31,194,Judal Dineshbhai Nanjibhai,OPENING_DUE,,,14950,0,14950,Baseline Outstanding Balance as of 31-Aug-2026 (Judal Dineshbhai Nanjibhai)
open_2026_195_075,2026-08-31,195,Judal Dineshbhai Ramubhai,OPENING_DUE,,,16937,0,16937,Baseline Outstanding Balance as of 31-Aug-2026 (Judal Dineshbhai Ramubhai)
open_2026_196_076,2026-08-31,196,Judal Dineshbhai Ujabhai,OPENING_DUE,,,45194,0,45194,Baseline Outstanding Balance as of 31-Aug-2026 (Judal Dineshbhai Ujabhai)
open_2026_200_077,2026-08-31,200,Judal Ghemarbhai Dhudabhai,OPENING_DUE,,,14486,0,14486,Baseline Outstanding Balance as of 31-Aug-2026 (Judal Ghemarbhai Dhudabhai)
open_2026_202_078,2026-08-31,202,Judal Ghemarbhai Rashangbhai,OPENING_DUE,,,27650,0,27650,Baseline Outstanding Balance as of 31-Aug-2026 (Judal Ghemarbhai Rashangbhai)
open_2026_207_079,2026-08-31,207,Judal Jeetuben Manjibhai,OPENING_DUE,,,20900,0,20900,Baseline Outstanding Balance as of 31-Aug-2026 (Judal Jeetuben Manjibhai)
open_2026_209_080,2026-08-31,209,Judal Jyantibhai Nathabhai,OPENING_DUE,,,6000,0,6000,Baseline Outstanding Balance as of 31-Aug-2026 (Judal Jyantibhai Nathabhai)
open_2026_213_081,2026-08-31,213,Judal Kamleshbhai Laljibhai,OPENING_DUE,,,10355,0,10355,Baseline Outstanding Balance as of 31-Aug-2026 (Judal Kamleshbhai Laljibhai)
open_2026_214_082,2026-08-31,214,Judal Kamleshbhai Laxmanbhai,OPENING_DUE,,,11420,0,11420,Baseline Outstanding Balance as of 31-Aug-2026 (Judal Kamleshbhai Laxmanbhai)
open_2026_217_083,2026-08-31,217,Judal Kantibhai Daljibhai,OPENING_DUE,,,8179,0,8179,Baseline Outstanding Balance as of 31-Aug-2026 (Judal Kantibhai Dalajibhai)
open_2026_218_084,2026-08-31,218,Judal Kantibhai Nanjibhai,OPENING_DUE,,,14665,0,14665,Baseline Outstanding Balance as of 31-Aug-2026 (Judal Kantibhai Nanjibhai)
open_2026_219_085,2026-08-31,219,Judal Kantibhai Ramshungbhai,OPENING_DUE,,,600,0,600,Baseline Outstanding Balance as of 31-Aug-2026 (Judal Kantibhai Ramshungbhai)
open_2026_222_086,2026-08-31,222,Judal Karshanbhai Daljibhai,OPENING_DUE,,,11060,0,11060,Baseline Outstanding Balance as of 31-Aug-2026 (Judal Karshanbhai Daljibhai)
open_2026_223_087,2026-08-31,223,Judal Kesarbhai Laxmanbhai,OPENING_DUE,,,345,0,345,Baseline Outstanding Balance as of 31-Aug-2026 (Judal Kesarbhai Laxmanbhai)
open_2026_224_088,2026-08-31,224,Judal Kesarbhai Narshibhai,OPENING_DUE,,,14175,0,14175,Baseline Outstanding Balance as of 31-Aug-2026 (Judal Kesarbhai Narshinhbhai)
open_2026_226_089,2026-08-31,226,Judal Kirtibhai Nathabhai,OPENING_DUE,,,26479,0,26479,Baseline Outstanding Balance as of 31-Aug-2026 (Judal Kirtibhai Nathabhai)
open_2026_227_090,2026-08-31,227,Judal Laljibhai Shomabhai,OPENING_DUE,,,12500,0,12500,Baseline Outstanding Balance as of 31-Aug-2026 (Judal Laljibhai Shomabhai)
open_2026_228_091,2026-08-31,228,Judal Laxmanbhai Jeshungbhai,OPENING_DUE,,,8407,0,8407,Baseline Outstanding Balance as of 31-Aug-2026 (Judal Laxmanbhai Jashugbhai Bhajivala)
open_2026_233_092,2026-08-31,233,Judal Maheshbhai Sadabhai,OPENING_DUE,,,330,0,330,Baseline Outstanding Balance as of 31-Aug-2026 (Judal Maheshbhai Sadabhai)
open_2026_238_093,2026-08-31,238,Judal Muljibhai Kalubhai,OPENING_DUE,,,488,0,488,Baseline Outstanding Balance as of 31-Aug-2026 (Judal Muljibhai Kalubhai)
open_2026_240_094,2026-08-31,240,Judal Nareshbhai Devabhai,OPENING_DUE,,,375,0,375,Baseline Outstanding Balance as of 31-Aug-2026 (Judal Nareshbhai Devabhai)
open_2026_241_095,2026-08-31,241,Judal Nareshbhai Parthibhai,OPENING_DUE,,,51744,0,51744,Baseline Outstanding Balance as of 31-Aug-2026 (Judal Nareshbhai Parthibhai)
open_2026_248_096,2026-08-31,248,Judal Pravinbhai Veershangbhai,OPENING_DUE,,,30655,0,30655,Baseline Outstanding Balance as of 31-Aug-2026 (Judal Pravinbhai Veershangbhai)
open_2026_249_097,2026-08-31,249,Judal Rajnibhai Mafabhai,OPENING_DUE,,,5232,0,5232,Baseline Outstanding Balance as of 31-Aug-2026 (Judal Rajnibhai Mafabhai)
open_2026_255_098,2026-08-31,255,Judal Ramjibhai Karshanbhai,OPENING_DUE,,,11900,0,11900,Baseline Outstanding Balance as of 31-Aug-2026 (Judal Ramjibhai Karshanbhai)
open_2026_258_099,2026-08-31,258,Judal Rasabhai Paragbhai,OPENING_DUE,,,17353,0,17353,Baseline Outstanding Balance as of 31-Aug-2026 (Judal Rasabhai Paragbhai)
open_2026_260_100,2026-08-31,260,Judal Sadabhai Kalubhai,OPENING_DUE,,,80319,0,80319,Baseline Outstanding Balance as of 31-Aug-2026 (Judal Sadabhai Kalubhai)
open_2026_261_101,2026-08-31,261,Judal Sanjaybhai Bhagvanbhai,OPENING_DUE,,,19637,0,19637,Baseline Outstanding Balance as of 31-Aug-2026 (Judal Sanjaybhai Bhagvanbhai)
open_2026_263_102,2026-08-31,263,Judal Shileshbhai Daljibhai,OPENING_DUE,,,17127,0,17127,Baseline Outstanding Balance as of 31-Aug-2026 (Judal Shileshbhai Daljibhai Kubhasan)
open_2026_266_103,2026-08-31,266,Judal Sureshbhai Bhikhabhai,OPENING_DUE,,,450,0,450,Baseline Outstanding Balance as of 31-Aug-2026 (Judal Sureshbhai Bhikhabhai)
open_2026_269_104,2026-08-31,269,Judal Valjibhai Veershangbhai,OPENING_DUE,,,16812,0,16812,Baseline Outstanding Balance as of 31-Aug-2026 (Judal Valjibhai Virshangbhai)
open_2026_272_105,2026-08-31,272,Juva Chelabhai Jeevabhai,OPENING_DUE,,,31495,0,31495,Baseline Outstanding Balance as of 31-Aug-2026 (Juva Chelabhai Jeevabhai Chadotar)
open_2026_273_106,2026-08-31,273,Juva Karshanbhai,OPENING_DUE,,,15410,0,15410,Baseline Outstanding Balance as of 31-Aug-2026 (Juva Karshanbhai Lakhori)
open_2026_274_107,2026-08-31,274,Juva Ratubhai Jeevabhai,OPENING_DUE,,,11615,0,11615,Baseline Outstanding Balance as of 31-Aug-2026 (Juva Ratubhai Jeevabhai)
open_2026_278_108,2026-08-31,278,Kag Dineshbhai Jeshungbhai,OPENING_DUE,,,16170,0,16170,Baseline Outstanding Balance as of 31-Aug-2026 (Kag Dineshbhai Jasungbhai)
open_2026_288_109,2026-08-31,288,Kakvadiya Maheshbhai Ramjibhai,OPENING_DUE,,,41762,0,41762,Baseline Outstanding Balance as of 31-Aug-2026 (Kakvadiya Maheshbhai Ramjibhai)
open_2026_292_110,2026-08-31,292,Kakvadiya Sanjaybhai Kantibhai,OPENING_DUE,,,13440,0,13440,Baseline Outstanding Balance as of 31-Aug-2026 (Kakvadiya Sanjaybhai Kantibhai)
open_2026_293_111,2026-08-31,293,Kakvadiya Sureshbhai,OPENING_DUE,,,7069,0,7069,Baseline Outstanding Balance as of 31-Aug-2026 (Kakvadiya Sureshbhai Chandisar)
open_2026_295_112,2026-08-31,295,Kanubhai Muljibhai,OPENING_DUE,,,33595,0,33595,Baseline Outstanding Balance as of 31-Aug-2026 (Kanubhai Muljibhai Kushkal)
open_2026_300_113,2026-08-31,300,Kharsan Dineshbhai Manjibhai,OPENING_DUE,,,10750,0,10750,Baseline Outstanding Balance as of 31-Aug-2026 (Kharsan Dineshbhai Manjibhai)
open_2026_301_114,2026-08-31,301,Kharsan Mogjibhai Daljibhai,OPENING_DUE,,,10754,0,10754,Baseline Outstanding Balance as of 31-Aug-2026 (Kharsan Mogjibhai Daljibhai)
open_2026_302_115,2026-08-31,302,Kharsan Rameshbhai Laxmanbhai,OPENING_DUE,,,16680,0,16680,Baseline Outstanding Balance as of 31-Aug-2026 (Kharsan Rameshbhai Laxmanbhai)
open_2026_303_116,2026-08-31,303,Kharshan Kalubhai Laxmanbhai,OPENING_DUE,,,13700,0,13700,Baseline Outstanding Balance as of 31-Aug-2026 (Kharshan Kalubhai Laxmanbhai)
open_2026_479_117,2026-08-31,479,Vajeerkhan,OPENING_DUE,,,530,0,530,Baseline Outstanding Balance as of 31-Aug-2026 (Khasa Vajeerkhan)
open_2026_164_118,2026-08-31,164,Jafarkhan,OPENING_DUE,,,21272,0,21272,Baseline Outstanding Balance as of 31-Aug-2026 (Khasha Jafarkhan)
open_2026_402_119,2026-08-31,402,Shokatbhai,OPENING_DUE,,,7080,0,7080,Baseline Outstanding Balance as of 31-Aug-2026 (Kubhasan Shokatbhai)
open_2026_305_120,2026-08-31,305,Kuniya Ramjibhai Premjibhai,OPENING_DUE,,,20774,0,20774,Baseline Outstanding Balance as of 31-Aug-2026 (Kuniya Ramjibhai Premjibhai Agola)
open_2026_307_121,2026-08-31,307,Kuva Nareshbhai,OPENING_DUE,,,800,0,800,Baseline Outstanding Balance as of 31-Aug-2026 (Kuva Nareshbhai Sudha)
open_2026_310_122,2026-08-31,310,Kuva Rameshbhai Somabhai,OPENING_DUE,,,125,0,125,Baseline Outstanding Balance as of 31-Aug-2026 (Kuva Rameshbhai Somabhai)
open_2026_311_123,2026-08-31,311,Kuva Sureshbhai Laxmanbhai,OPENING_DUE,,,14175,0,14175,Baseline Outstanding Balance as of 31-Aug-2026 (Kuva Sureshbhai Laxmanbhai)
open_2026_317_124,2026-08-31,317,Loh Dhanrajbhai Parthibhai,OPENING_DUE,,,26190,0,26190,Baseline Outstanding Balance as of 31-Aug-2026 (Loh Dhanrajbhai Parthibhai)
open_2026_318_125,2026-08-31,318,Loh Dilipbhai Ramjibhai,OPENING_DUE,,,375,0,375,Baseline Outstanding Balance as of 31-Aug-2026 (Loh Dilipbhai Ramjibhai)
open_2026_319_126,2026-08-31,319,Loh Dineshbhai Fatabhai,OPENING_DUE,,,12320,0,12320,Baseline Outstanding Balance as of 31-Aug-2026 (Loh Dineshbhai Fatabhai)
open_2026_320_127,2026-08-31,320,Loh Dineshbhai Nanjibhai,OPENING_DUE,,,18697,0,18697,Baseline Outstanding Balance as of 31-Aug-2026 (Loh Dineshbhai Nanjibhai)
open_2026_321_128,2026-08-31,321,Loh Dineshbhai Ramshugbhai,OPENING_DUE,,,15819,0,15819,Baseline Outstanding Balance as of 31-Aug-2026 (Loh Dineshbhai Ramshugbhai)
open_2026_322_129,2026-08-31,322,Loh Dineshbhai Sadabhai,OPENING_DUE,,,21028,0,21028,Baseline Outstanding Balance as of 31-Aug-2026 (Loh Dineshbhai Sadabhai)
open_2026_323_130,2026-08-31,323,Loh Dineshbhai Savabhai,OPENING_DUE,,,13450,0,13450,Baseline Outstanding Balance as of 31-Aug-2026 (Loh Dineshbhai Savabhai)
open_2026_336_131,2026-08-31,336,Loh Manjibhai Narshangbhai,OPENING_DUE,,,16065,0,16065,Baseline Outstanding Balance as of 31-Aug-2026 (Loh Manjibhai Narshangbhai)
open_2026_339_132,2026-08-31,339,Loh Nikhilbhai Manjibhai,OPENING_DUE,,,8150,0,8150,Baseline Outstanding Balance as of 31-Aug-2026 (Loh Nikhilbhai Manjibhai)
open_2026_340_133,2026-08-31,340,Loh Prahaladbhai Poojabhai,OPENING_DUE,,,465,0,465,Baseline Outstanding Balance as of 31-Aug-2026 (Loh Prahaladbhai Poojabhai - Agola)
open_2026_345_134,2026-08-31,345,Loh Ramjibhai Moghabhai,OPENING_DUE,,,2177,0,2177,Baseline Outstanding Balance as of 31-Aug-2026 (Loh Ramjibhai Moghabhai)
open_2026_351_135,2026-08-31,351,Menat Parkashbhai,OPENING_DUE,,,33125,0,33125,Baseline Outstanding Balance as of 31-Aug-2026 (Menat Prakashbhai Madana)
open_2026_352_136,2026-08-31,352,Mor Ashokbhai,OPENING_DUE,,,10237,0,10237,Baseline Outstanding Balance as of 31-Aug-2026 (Mor Ashokbhai Vedancha)
open_2026_356_137,2026-08-31,356,Mor Daljibhai,OPENING_DUE,,,16000,0,16000,Baseline Outstanding Balance as of 31-Aug-2026 (Mor Daljibhai Vedancha)
open_2026_357_138,2026-08-31,357,Mor Dineshbhai Ratubhai,OPENING_DUE,,,10455,0,10455,Baseline Outstanding Balance as of 31-Aug-2026 (Mor Dineshbhai Ratubhai Vasna)
open_2026_359_139,2026-08-31,359,Mor Jyantibhai Nathabhai,OPENING_DUE,,,10760,0,10760,Baseline Outstanding Balance as of 31-Aug-2026 (Mor Jyantibhai Nathabhai Vedancha)
open_2026_363_140,2026-08-31,363,Mor Lavjibhai Abhubhai,OPENING_DUE,,,27755,0,27755,Baseline Outstanding Balance as of 31-Aug-2026 (Mor Lavjibhai Abhubhai)
open_2026_366_141,2026-08-31,366,Mor Rameshbhai Nathabhai,OPENING_DUE,,,20984,0,20984,Baseline Outstanding Balance as of 31-Aug-2026 (Mor Rameshbhai Nathabhai)
open_2026_367_142,2026-08-31,367,Mor Ushaben,OPENING_DUE,,,34049,0,34049,Baseline Outstanding Balance as of 31-Aug-2026 (Mor Ushaben Vedancha)
open_2026_369_143,2026-08-31,369,Mujadiya Ashokbhai Jagmalbhai,OPENING_DUE,,,2462,0,2462,Baseline Outstanding Balance as of 31-Aug-2026 (Mujadiya Ashokbhai Jagmalbhai)
open_2026_15_144,2026-08-31,15,Amthabhai Savabbhai,OPENING_DUE,,,10700,0,10700,Baseline Outstanding Balance as of 31-Aug-2026 (Palani Amthabhai Savabbhai)
open_2026_40_145,2026-08-31,40,Bhagvanbhai Ratnabhai,OPENING_DUE,,,1360,0,1360,Baseline Outstanding Balance as of 31-Aug-2026 (Palani Bhagvanbhai Ratnabhai)
open_2026_45_146,2026-08-31,45,Bhikhabhai Gamabhai,OPENING_DUE,,,10013,0,10013,Baseline Outstanding Balance as of 31-Aug-2026 (Palani Bhikhabhai Gamabhai)
open_2026_94_147,2026-08-31,94,Dalpatrbhai Shantubhai,OPENING_DUE,,,800,0,800,Baseline Outstanding Balance as of 31-Aug-2026 (Palani Dalpatrbhai Shantubhai)
open_2026_371_148,2026-08-31,371,Palani Ishvarbhai Bababhai,OPENING_DUE,,,2110,0,2110,Baseline Outstanding Balance as of 31-Aug-2026 (Palani Ishvarbhai Bababhai)
open_2026_374_149,2026-08-31,374,Palani Mahendrabhai Parthibhai,OPENING_DUE,,,600,0,600,Baseline Outstanding Balance as of 31-Aug-2026 (Palani Mahendrabhai Parthibhai)
open_2026_375_150,2026-08-31,375,Palani Maheshbhai Khemabhai,OPENING_DUE,,,5530,0,5530,Baseline Outstanding Balance as of 31-Aug-2026 (Palani Maheshbhai Khemabhai)
open_2026_372_151,2026-08-31,372,Palani Magabhai Khodabhai,OPENING_DUE,,,4480,0,4480,Baseline Outstanding Balance as of 31-Aug-2026 (Palani Magabhai Khodabhai)
open_2026_370_152,2026-08-31,370,Naranbhai Shantubhai,OPENING_DUE,,,700,0,700,Baseline Outstanding Balance as of 31-Aug-2026 (Palani Naranbhai Shantubhai)
open_2026_376_153,2026-08-31,376,Palani Nareshbhai Ishvarbhai,OPENING_DUE,,,4758,0,4758,Baseline Outstanding Balance as of 31-Aug-2026 (Palani Nareshbhai Ishvarbhai)
open_2026_383_154,2026-08-31,383,Potrod Sureshbhai Karshanbhai,OPENING_DUE,,,20070,0,20070,Baseline Outstanding Balance as of 31-Aug-2026 (Potrod Sureshbhai Karshanbhai)
open_2026_384_155,2026-08-31,384,Prajapati Jethabhai Kalubhai,OPENING_DUE,,,9857,0,9857,Baseline Outstanding Balance as of 31-Aug-2026 (Prajapati Jethabhai Kalubhai)
open_2026_390_156,2026-08-31,390,Rameshbhai Bhagat Jasu,OPENING_DUE,,,3430,0,3430,Baseline Outstanding Balance as of 31-Aug-2026 (Rameshbhai Bhagat Jasu)
open_2026_391_157,2026-08-31,391,Ratada Haribhai Laxmanbhai,OPENING_DUE,,,44478,0,44478,Baseline Outstanding Balance as of 31-Aug-2026 (Ratada Haribhai Laxmanbhai Badharpura)
open_2026_392_158,2026-08-31,392,Ratada Lavjibhai Laxmanbhai,OPENING_DUE,,,43762,0,43762,Baseline Outstanding Balance as of 31-Aug-2026 (Ratada Lavjibhai Laxmanbhai)
open_2026_399_159,2026-08-31,399,Savaya Jyantibhai Kanjibhai,OPENING_DUE,,,352,0,352,Baseline Outstanding Balance as of 31-Aug-2026 (Savaya Jyantibhai Kanjibhai)
open_2026_401_160,2026-08-31,401,Shipai Musabhai,OPENING_DUE,,,3035,0,3035,Baseline Outstanding Balance as of 31-Aug-2026 (Shipai Musabhai)
open_2026_402_161,2026-08-31,402,Shokatbhai,OPENING_DUE,,,7980,0,7980,Baseline Outstanding Balance as of 31-Aug-2026 (Shukhatbhai Kubhasan)
open_2026_406_162,2026-08-31,406,Talegadh,OPENING_DUE,,,520,0,520,Baseline Outstanding Balance as of 31-Aug-2026 (Talegadh)
open_2026_407_163,2026-08-31,407,Thakor Amaratbhai Dharmabhai,OPENING_DUE,,,500,0,500,Baseline Outstanding Balance as of 31-Aug-2026 (Thakor Amaratbhai Dharmabhai)
open_2026_410_164,2026-08-31,410,Thakor Amratbhai Manabhai,OPENING_DUE,,,1445,0,1445,Baseline Outstanding Balance as of 31-Aug-2026 (Thakor Amratbhai Manabhai)
open_2026_408_165,2026-08-31,408,Thakor Amaratbhai Ramchandbhai,OPENING_DUE,,,18709,0,18709,Baseline Outstanding Balance as of 31-Aug-2026 (Thakor Amaratbhai Ramchandbhai)
open_2026_409_166,2026-08-31,409,Thakor Amartbhai Chamanbhai,OPENING_DUE,,,7667,0,7667,Baseline Outstanding Balance as of 31-Aug-2026 (Thakor Amartbhai Chamanbhai)
open_2026_412_167,2026-08-31,412,Thakor Ashokbhai Bijanbhai,OPENING_DUE,,,13707,0,13707,Baseline Outstanding Balance as of 31-Aug-2026 (Thakor Ashokbhai Bijanbhai)
open_2026_405_168,2026-08-31,405,Takor Bajubhai Galbabhai,OPENING_DUE,,,12485,0,12485,Baseline Outstanding Balance as of 31-Aug-2026 (Takor Bajubhai Galbabhai)
open_2026_413_169,2026-08-31,413,Thakor Balvantbhai Chaganbhai,OPENING_DUE,,,6000,0,6000,Baseline Outstanding Balance as of 31-Aug-2026 (Thakor Balvantbhai Chaganbhai)
open_2026_414_170,2026-08-31,414,Thakor Bhagvanbhai Shantubhai,OPENING_DUE,,,1430,0,1430,Baseline Outstanding Balance as of 31-Aug-2026 (Thakor Bhagvanbhai Shantubhai)
open_2026_418_171,2026-08-31,418,Thakor Bhaveshbhai,OPENING_DUE,,,756,0,756,Baseline Outstanding Balance as of 31-Aug-2026 (Thakor Bhaveshbhai Vedancha)
open_2026_423_172,2026-08-31,423,Thakor Bhupatbhai Veerchandbhai,OPENING_DUE,,,22437,0,22437,Baseline Outstanding Balance as of 31-Aug-2026 (Thakor Bhupatbhai Veerchandbhai)
open_2026_424_173,2026-08-31,424,Thakor Chamanji Takhaji,OPENING_DUE,,,227,0,227,Baseline Outstanding Balance as of 31-Aug-2026 (Thakor Chamanji Takhaji)
open_2026_427_174,2026-08-31,427,Thakor Dharjibhai Galbabhai,OPENING_DUE,,,5906,0,5906,Baseline Outstanding Balance as of 31-Aug-2026 (Thakor Dharjibhai Galbabhai Chandisar)
open_2026_430_175,2026-08-31,430,Thakor Harchandji Laxmanji,OPENING_DUE,,,1010,0,1010,Baseline Outstanding Balance as of 31-Aug-2026 (Thakor Harchandji Laxmanji)
open_2026_432_176,2026-08-31,432,Thakor Hemchandji,OPENING_DUE,,,550,0,550,Baseline Outstanding Balance as of 31-Aug-2026 (Thakor Hemchandji)
open_2026_434_177,2026-08-31,434,Thakor Jadishbhai Ishavarbhai,OPENING_DUE,,,8050,0,8050,Baseline Outstanding Balance as of 31-Aug-2026 (Thakor Jagdishbhai Ishavrbhai)
open_2026_435_178,2026-08-31,435,Thakor Jagdishbhai Khegarbhai,OPENING_DUE,,,5330,0,5330,Baseline Outstanding Balance as of 31-Aug-2026 (Thakor Jagdishbhai Khegarbhai)
open_2026_436_179,2026-08-31,436,Thakor Jasungji Parthiji,OPENING_DUE,,,350,0,350,Baseline Outstanding Balance as of 31-Aug-2026 (Thakor Jasungji Parthiji)
open_2026_438_180,2026-08-31,438,Thakor Jaxshibhai Hurabhai,OPENING_DUE,,,10922,0,10922,Baseline Outstanding Balance as of 31-Aug-2026 (Thakor Jaxshibhai Hurabhai)
open_2026_440_181,2026-08-31,440,Thakor Kubhaji Huraji,OPENING_DUE,,,13015,0,13015,Baseline Outstanding Balance as of 31-Aug-2026 (Thakor Kubhaji Huraji)
open_2026_441_182,2026-08-31,441,Thakor Laxmanji Menaji,OPENING_DUE,,,1286,0,1286,Baseline Outstanding Balance as of 31-Aug-2026 (Thakor Laxmanji Menaji)
open_2026_445_183,2026-08-31,445,Thakor Momatji Saradarji,OPENING_DUE,,,310,0,310,Baseline Outstanding Balance as of 31-Aug-2026 (Thakor Momatji Saradarji)
open_2026_447_184,2026-08-31,447,Thakor Parbatbhai Ghemarbhai,OPENING_DUE,,,3025,0,3025,Baseline Outstanding Balance as of 31-Aug-2026 (Thakor Parbatbhai Ghemarbhai)
open_2026_450_185,2026-08-31,450,Thakor Prabhatbhai Khengarbhai,OPENING_DUE,,,450,0,450,Baseline Outstanding Balance as of 31-Aug-2026 (Thakor Prabhatbhai Khengarbhai)
open_2026_455_186,2026-08-31,455,Thakor Rameshbhai Poojabhai,OPENING_DUE,,,5500,0,5500,Baseline Outstanding Balance as of 31-Aug-2026 (Thakor Rameshbhai Poojabhai)
open_2026_456_187,2026-08-31,456,Thakor Rameshji,OPENING_DUE,,,1782,0,1782,Baseline Outstanding Balance as of 31-Aug-2026 (Thakor Rameshji Samdhi)
open_2026_457_188,2026-08-31,457,Thakor Rangnathji,OPENING_DUE,,,29945,0,29945,Baseline Outstanding Balance as of 31-Aug-2026 (Thakor Rangnathji Khodla)
open_2026_458_189,2026-08-31,458,Thakor Ransaji Raghjiji,OPENING_DUE,,,29965,0,29965,Baseline Outstanding Balance as of 31-Aug-2026 (Thakor Ransaji Raghjiji)
open_2026_460_190,2026-08-31,460,Thakor Savjibhai Hamirbhai,OPENING_DUE,,,16253,0,16253,Baseline Outstanding Balance as of 31-Aug-2026 (Thakor Savjibhai Hamirbhai)
open_2026_462_191,2026-08-31,462,Thakor Sevantibhai Kapoorbhai,OPENING_DUE,,,780,0,780,Baseline Outstanding Balance as of 31-Aug-2026 (Thakor Sevantibhai Kapoorbhai)
open_2026_465_192,2026-08-31,465,Thakor Shankarbhai,OPENING_DUE,,,51015,0,51015,Baseline Outstanding Balance as of 31-Aug-2026 (Thakor Shankarbhai Ranpur)
open_2026_468_193,2026-08-31,468,Thakor Vashrambhai Danshungbhai,OPENING_DUE,,,2442,0,2442,Baseline Outstanding Balance as of 31-Aug-2026 (Thakor Vashrambhai Danshungbhai)
open_2026_469_194,2026-08-31,469,Thakor Vinshubhai Dheerajbhai,OPENING_DUE,,,14313,0,14313,Baseline Outstanding Balance as of 31-Aug-2026 (Thakor Vinshubhai Dheerajbhai)
open_2026_470_195,2026-08-31,470,Thakor Vipulbhai Chaganbhai,OPENING_DUE,,,44370,0,44370,Baseline Outstanding Balance as of 31-Aug-2026 (Thakor Vipulbhai Chaganbhai)
open_2026_475_196,2026-08-31,475,Vaghela Mukeshbhai Chelabhai,OPENING_DUE,,,2100,0,2100,Baseline Outstanding Balance as of 31-Aug-2026 (Vaghela Mukeshbhai Chelabhai)
open_2026_476_197,2026-08-31,476,Vaghela Praveenbhai Chelabhai,OPENING_DUE,,,1470,0,1470,Baseline Outstanding Balance as of 31-Aug-2026 (Vaghela Praveenbhai Chelabhai)
open_2026_477_198,2026-08-31,477,Vaghela Veerchandbhai Bhathibhai,OPENING_DUE,,,2100,0,2100,Baseline Outstanding Balance as of 31-Aug-2026 (Vaghela Veerchandbhai Bhathibhai)
open_2026_482_199,2026-08-31,482,Valagot Babubhai Chelabhai,OPENING_DUE,,,3510,0,3510,Baseline Outstanding Balance as of 31-Aug-2026 (Valagot Babubhai Chelabhai)
open_2026_483_200,2026-08-31,483,Valagot Babubhai Parthibhai,OPENING_DUE,,,15620,0,15620,Baseline Outstanding Balance as of 31-Aug-2026 (Valagot Babubhai Parthibhai)
open_2026_485_201,2026-08-31,485,Valagot Dipakbhai Mavjibhai,OPENING_DUE,,,562,0,562,Baseline Outstanding Balance as of 31-Aug-2026 (Valagot Dipakbhai Mavjibhai)
open_2026_485_202,2026-08-31,485,Valagot Dipakbhai Mavjibhai,OPENING_DUE,,,12822,0,12822,Baseline Outstanding Balance as of 31-Aug-2026 (Valagot Dipakbhai Mavjibhai)
open_2026_489_203,2026-08-31,489,Valagot Kantibhai,OPENING_DUE,,,17187,0,17187,Baseline Outstanding Balance as of 31-Aug-2026 (Valagot Kantibhai Vedancha)
open_2026_495_204,2026-08-31,495,Valagot Parkashbhai Karsanbhai,OPENING_DUE,,,21152,0,21152,Baseline Outstanding Balance as of 31-Aug-2026 (Valagot Prakashbhai Karshanbhai)
open_2026_404_205,2026-08-31,404,Solaki Kantibhai,OPENING_DUE,,,2480,0,2480,Baseline Outstanding Balance as of 31-Aug-2026 (Solaki Kantibhai)
