id,date,type,category,vendorName,weight,amount,cashPaid,remainingDue,notes
purchase_2025_01_1,2025-01-05,PURCHASE,Others,,8300,83000,0,83000,Purchase recorded from Jan Grass 2025 (Gavatri)
purchase_2025_01_2,2025-01-06,PURCHASE,Others,,14200,118000,0,118000,Purchase recorded from Jan Grass 2025 (Gavatri)
purchase_2025_01_3,2025-01-21,PURCHASE,Others,,5065,45500,0,45500,Purchase recorded from Jan Grass 2025 (Magfali)
purchase_2025_01_4,2025-01-21,PURCHASE,Others,,7100,72100,0,72100,Purchase recorded from Jan Grass 2025 (B. Kutty)
purchase_2025_01_5,2025-01-23,PURCHASE,Others,,7000,66600,0,66600,Purchase recorded from Jan Grass 2025 (Tuver)
purchase_2025_01_6,2025-01-26,PURCHASE,Others,,6240,64300,0,64300,Purchase recorded from Jan Grass 2025 (B. Kutty)
purchase_2025_01_7,2025-01-31,PURCHASE,Others,,11500,110500,0,110500,Purchase recorded from Jan Grass 2025 (Tuver)
purchase_2025_01_8,2025-01-31,PURCHASE,Others,,4730,47400,0,47400,Purchase recorded from Jan Grass 2025 (Tuver)
expense_2025_01_fuel_pickup_s197,2025-01-31,EXPENSE,Fuel,Fuel Station,,11500,11500,0,Pickup Running Expense (Daalu Diesel) from Jan Grass 2025 Sales tab
expense_2025_01_interest_s198,2025-01-31,EXPENSE,Interest,Capital Partner,,7000,7000,0,Capital Interest from Jan Grass 2025 Sales tab
expense_discount_2025_01,2025-01-31,EXPENSE,Discount,,,3713,3713,0,Customer Payment Discount from Jan Grass 2025 Opening/Closing sheet (C2)
purchase_2025_02_1,2025-02-02,PURCHASE,Others,,3810,38100,0,38100,Purchase recorded from Feb Grass 2025 (Tuver)
purchase_2025_02_2,2025-02-02,PURCHASE,Others,,9300,88400,0,88400,Purchase recorded from Feb Grass 2025 (Tuver)
purchase_2025_02_3,2025-02-03,PURCHASE,Others,,9540,89700,0,89700,Purchase recorded from Feb Grass 2025 (Tuver)
purchase_2025_02_4,2025-02-04,PURCHASE,Others,,4615,43000,0,43000,Purchase recorded from Feb Grass 2025 (Tuver)
purchase_2025_02_5,2025-02-07,PURCHASE,Others,,6000,54600,0,54600,Purchase recorded from Feb Grass 2025 (Tuver)
purchase_2025_02_6,2025-02-07,PURCHASE,Others,,5700,52400,0,52400,Purchase recorded from Feb Grass 2025 (Tuver)
purchase_2025_02_7,2025-02-09,PURCHASE,Others,,5300,49600,0,49600,Purchase recorded from Feb Grass 2025 (Tuver)
purchase_2025_02_8,2025-02-11,PURCHASE,Others,,4250,37400,0,37400,Purchase recorded from Feb Grass 2025 (Tuver)
purchase_2025_02_9,2025-02-12,PURCHASE,Others,,5670,50400,0,50400,Purchase recorded from Feb Grass 2025 (Tuver)
purchase_2025_02_10,2025-02-13,PURCHASE,Others,,5600,50500,0,50500,Purchase recorded from Feb Grass 2025 (Tuver)
purchase_2025_02_11,2025-02-14,PURCHASE,Others,,2510,20100,0,20100,Purchase recorded from Feb Grass 2025 (Tuver)
purchase_2025_02_12,2025-02-15,PURCHASE,Others,,5645,46500,0,46500,Purchase recorded from Feb Grass 2025 (Tuver)
purchase_2025_02_13,2025-02-18,PURCHASE,Others,,2400,20800,0,20800,Purchase recorded from Feb Grass 2025 (Tuver)
purchase_2025_02_14,2025-02-18,PURCHASE,Others,,3300,28000,0,28000,Purchase recorded from Feb Grass 2025 (Tuver)
purchase_2025_02_15,2025-02-18,PURCHASE,Others,,5950,50500,0,50500,Purchase recorded from Feb Grass 2025 (Tuver)
purchase_2025_02_16,2025-02-20,PURCHASE,Others,,500,4100,0,4100,Purchase recorded from Feb Grass 2025 (Tuver)
purchase_2025_02_17,2025-02-20,PURCHASE,Others,,4165,34900,0,34900,Purchase recorded from Feb Grass 2025 (Tuver)
purchase_2025_02_18,2025-02-21,PURCHASE,Others,,7400,61000,0,61000,Purchase recorded from Feb Grass 2025 (Tuver)
purchase_2025_02_19,2025-02-24,PURCHASE,Others,,6600,54500,0,54500,Purchase recorded from Feb Grass 2025 (Tuver)
purchase_2025_02_20,2025-02-27,PURCHASE,Others,,7200,57600,0,57600,Purchase recorded from Feb Grass 2025 (Tuver)
expense_2025_02_fuel_pickup_s197,2025-02-28,EXPENSE,Fuel,Fuel Station,,7250,7250,0,Pickup Running Expense (Daalu Diesel) from Feb Grass 2025 Sales tab
expense_2025_02_interest_s198,2025-02-28,EXPENSE,Interest,Capital Partner,,7000,7000,0,Capital Interest from Feb Grass 2025 Sales tab
expense_discount_2025_02,2025-02-28,EXPENSE,Discount,,,1320,1320,0,Customer Payment Discount from Feb Grass 2025 Opening/Closing sheet (C2)
purchase_2025_03_1,2025-03-02,PURCHASE,Others,,5600,44800,0,44800,Purchase recorded from March Grass 2025 (Chana)
purchase_2025_03_2,2025-03-02,PURCHASE,Others,,6200,43400,0,43400,Purchase recorded from March Grass 2025 (Tuver)
purchase_2025_03_3,2025-03-03,PURCHASE,Others,,4035,28200,0,28200,Purchase recorded from March Grass 2025 (Tuver)
purchase_2025_03_4,2025-03-03,PURCHASE,Others,,2015,15100,0,15100,Purchase recorded from March Grass 2025 (Tuver)
purchase_2025_03_5,2025-03-04,PURCHASE,Others,,2520,16900,0,16900,Purchase recorded from March Grass 2025 (Tuver)
purchase_2025_03_6,2025-03-05,PURCHASE,Others,,2335,17000,0,17000,Purchase recorded from March Grass 2025 (Tuver)
purchase_2025_03_7,2025-03-05,PURCHASE,Others,,6600,52800,0,52800,Purchase recorded from March Grass 2025 (Chana)
purchase_2025_03_8,2025-03-05,PURCHASE,Others,,5290,41000,0,41000,Purchase recorded from March Grass 2025 (Chana)
purchase_2025_03_9,2025-03-07,PURCHASE,Others,,6700,47000,0,47000,Purchase recorded from March Grass 2025 (Tuver)
purchase_2025_03_10,2025-03-08,PURCHASE,Others,,3355,23400,0,23400,Purchase recorded from March Grass 2025 (Tuver)
purchase_2025_03_11,2025-03-08,PURCHASE,Others,,8600,63600,0,63600,Purchase recorded from March Grass 2025 (Chana)
purchase_2025_03_12,2025-03-09,PURCHASE,Others,,8200,63500,0,63500,Purchase recorded from March Grass 2025 (Chana)
purchase_2025_03_13,2025-03-10,PURCHASE,Others,,6500,45500,0,45500,Purchase recorded from March Grass 2025 (Tuver)
purchase_2025_03_14,2025-03-15,PURCHASE,Others,,7300,51100,0,51100,Purchase recorded from March Grass 2025 (Tuver)
purchase_2025_03_15,2025-03-16,PURCHASE,Others,,3620,25300,0,25300,Purchase recorded from March Grass 2025 (Tuver)
purchase_2025_03_16,2025-03-16,PURCHASE,Others,,2505,21200,0,21200,Purchase recorded from March Grass 2025 (Tuver)
purchase_2025_03_17,2025-03-16,PURCHASE,Others,,5070,35400,0,35400,Purchase recorded from March Grass 2025 (Tuver)
purchase_2025_03_18,2025-03-22,PURCHASE,Others,,2160,14900,0,14900,Purchase recorded from March Grass 2025 (Tuver)
purchase_2025_03_19,2025-03-22,PURCHASE,Others,,1425,9500,0,9500,Purchase recorded from March Grass 2025 (Tuver)
purchase_2025_03_20,2025-03-25,PURCHASE,Others,,5995,41900,0,41900,Purchase recorded from March Grass 2025 (Tuver)
purchase_2025_03_21,2025-03-25,PURCHASE,Others,,5510,38600,0,38600,Purchase recorded from March Grass 2025 (Tuver)
purchase_2025_03_22,2025-03-27,PURCHASE,Others,,6200,43500,0,43500,Purchase recorded from March Grass 2025 (Tuver)
purchase_2025_03_23,2025-03-27,PURCHASE,Others,,4000,28000,0,28000,Purchase recorded from March Grass 2025 (Tuver)
purchase_2025_03_24,2025-03-28,PURCHASE,Others,,7500,52500,0,52500,Purchase recorded from March Grass 2025 (Tuver)
purchase_2025_03_25,2025-03-29,PURCHASE,Others,,3370,23500,0,23500,Purchase recorded from March Grass 2025 (Tuver)
purchase_2025_03_26,2025-03-30,PURCHASE,Others,,7300,51100,0,51100,Purchase recorded from March Grass 2025 (Tuver)
expense_2025_03_fuel_pickup_s197,2025-03-31,EXPENSE,Fuel,Fuel Station,,16650,16650,0,Pickup Running Expense (Daalu Diesel) from March Grass 2025 Sales tab
expense_2025_03_interest_s198,2025-03-31,EXPENSE,Interest,Capital Partner,,7000,7000,0,Capital Interest from March Grass 2025 Sales tab
expense_2025_03_taalpatri,2025-03-31,EXPENSE,Tools,,,24000,24000,0,TaalPatri / Tarpaulin from March Grass 2025 Sales tab
expense_discount_2025_03,2025-03-31,EXPENSE,Discount,,,4807,4807,0,Customer Payment Discount from March Grass 2025 Opening/Closing sheet (C2)
purchase_2025_04_1,2025-04-02,PURCHASE,Others,,3150,22000,0,22000,Purchase recorded from April Grass 2025 (Tuar)
purchase_2025_04_2,2025-04-04,PURCHASE,Others,,1145,8000,0,8000,Purchase recorded from April Grass 2025 (Chana)
purchase_2025_04_3,2025-04-04,PURCHASE,Others,,8600,60200,0,60200,Purchase recorded from April Grass 2025 (Chana)
purchase_2025_04_4,2025-04-05,PURCHASE,Others,,3855,23000,0,23000,Purchase recorded from April Grass 2025 (Methi)
purchase_2025_04_5,2025-04-06,PURCHASE,Others,,3085,21600,0,21600,Purchase recorded from April Grass 2025 (Tuar)
purchase_2025_04_6,2025-04-06,PURCHASE,Others,,8100,56700,0,56700,Purchase recorded from April Grass 2025 (Tuar)
purchase_2025_04_7,2025-04-07,PURCHASE,Others,,9000,63000,0,63000,Purchase recorded from April Grass 2025 (Chana)
purchase_2025_04_8,2025-04-13,PURCHASE,Others,,7900,53800,0,53800,Purchase recorded from April Grass 2025 (Chana)
purchase_2025_04_9,2025-04-14,PURCHASE,Others,,10100,70700,0,70700,Purchase recorded from April Grass 2025 (Chana)
purchase_2025_04_10,2025-04-14,PURCHASE,Others,,9300,65100,0,65100,Purchase recorded from April Grass 2025 (Tuar)
purchase_2025_04_11,2025-04-17,PURCHASE,Others,,8300,58100,0,58100,Purchase recorded from April Grass 2025 (Tuar)
purchase_2025_04_12,2025-04-20,PURCHASE,Others,,9600,67200,0,67200,Purchase recorded from April Grass 2025 (Chana)
purchase_2025_04_13,2025-04-22,PURCHASE,Others,,11700,81900,0,81900,Purchase recorded from April Grass 2025 (Chana)
purchase_2025_04_14,2025-04-24,PURCHASE,Others,,10900,76300,0,76300,Purchase recorded from April Grass 2025 (Chana)
purchase_2025_04_15,2025-04-26,PURCHASE,Others,,8400,61000,0,61000,Purchase recorded from April Grass 2025 (Tuar)
purchase_2025_04_16,2025-04-26,PURCHASE,Others,,10800,75600,0,75600,Purchase recorded from April Grass 2025 (Chana)
purchase_2025_04_17,2025-04-26,PURCHASE,Others,,12000,84000,0,84000,Purchase recorded from April Grass 2025 (Chana)
purchase_2025_04_18,2025-04-27,PURCHASE,Others,,1265,8850,0,8850,Purchase recorded from April Grass 2025 (Tuar)
purchase_2025_04_19,2025-04-28,PURCHASE,Others,,12900,90300,0,90300,Purchase recorded from April Grass 2025 (Chana)
purchase_2025_04_20,2025-04-28,PURCHASE,Others,,11500,80500,0,80500,Purchase recorded from April Grass 2025 (Chana)
purchase_2025_04_21,2025-04-29,PURCHASE,Others,,7800,54600,0,54600,Purchase recorded from April Grass 2025 (Tuar)
purchase_2025_04_22,2025-04-30,PURCHASE,Others,,10800,75600,0,75600,Purchase recorded from April Grass 2025 (Chana)
purchase_2025_04_23,2025-04-30,PURCHASE,Others,,10600,74200,0,74200,Purchase recorded from April Grass 2025 (Chana)
purchase_2025_04_24,2025-04-30,PURCHASE,Others,,10000,65000,0,65000,Purchase recorded from April Grass 2025 (Chana)
expense_2025_04_fuel_pickup_s198,2025-04-30,EXPENSE,Fuel,Fuel Station,,37100,37100,0,Pickup Running Expense (Daalu Diesel + Depreciation) from April Grass 2025 Sales tab
expense_2025_04_interest_s199,2025-04-30,EXPENSE,Interest,Capital Partner,,7000,7000,0,Capital Interest from April Grass 2025 Sales tab
expense_discount_2025_04,2025-04-30,EXPENSE,Discount,,,3441,3441,0,Customer Payment Discount from April Grass 2025 Opening/Closing sheet (C2)
purchase_2025_05_1,2025-05-02,PURCHASE,Others,,6100,42700,0,42700,Purchase recorded from May Grass 2025 (Tuar)
purchase_2025_05_2,2025-05-02,PURCHASE,Others,,11500,80500,0,80500,Purchase recorded from May Grass 2025 (Chana)
purchase_2025_05_3,2025-05-03,PURCHASE,Others,,8000,56000,0,56000,Purchase recorded from May Grass 2025 (Tuar)
purchase_2025_05_4,2025-05-04,PURCHASE,Others,,11700,81900,0,81900,Purchase recorded from May Grass 2025 (Chana)
purchase_2025_05_5,2025-05-06,PURCHASE,Others,,5600,33600,0,33600,Purchase recorded from May Grass 2025 (Magfali)
purchase_2025_05_6,2025-05-06,PURCHASE,Others,,5700,39900,0,39900,Purchase recorded from May Grass 2025 (Tuar)
purchase_2025_05_7,2025-05-17,PURCHASE,Others,,10200,71400,0,71400,Purchase recorded from May Grass 2025 (Chana)
purchase_2025_05_8,2025-05-27,PURCHASE,Others,,9200,64400,0,64400,Purchase recorded from May Grass 2025 (Chana)
expense_2025_05_fuel_pickup_s198,2025-05-31,EXPENSE,Fuel,Fuel Station,,35500,35500,0,Pickup Running Expense (Daalu Diesel + Depreciation) from May Grass 2025 Sales tab
expense_2025_05_interest_s199,2025-05-31,EXPENSE,Interest,Capital Partner,,7000,7000,0,Capital Interest from May Grass 2025 Sales tab
expense_2025_05_kutti_supplies,2025-05-31,EXPENSE,Others,,,1560,1560,0,Supplies / Kuta / Kutti from May Grass 2025 Sales tab
expense_discount_2025_05,2025-05-31,EXPENSE,Discount,,,1598,1598,0,Customer Payment Discount from May Grass 2025 Opening/Closing sheet (C2)
purchase_2025_06_1,2025-06-01,PURCHASE,Others,,1,7,0,7,Purchase recorded from Jun Grass 2025 (Chana)
expense_2025_06_fuel_pickup_s198,2025-06-30,EXPENSE,Fuel,Fuel Station,,33000,33000,0,Pickup Running Expense (Daalu Diesel + Depreciation) from Jun Grass 2025 Sales tab
expense_2025_06_interest_s199,2025-06-30,EXPENSE,Interest,Capital Partner,,7000,7000,0,Capital Interest from Jun Grass 2025 Sales tab
expense_discount_2025_06,2025-06-30,EXPENSE,Discount,,,1550,1550,0,Customer Payment Discount from Jun Grass 2025 Opening/Closing sheet (C2)
purchase_2025_07_1,2025-07-13,PURCHASE,Others,,6950,54200,0,54200,Purchase recorded from July Grass 2025 (Chana)
purchase_2025_07_2,2025-07-16,PURCHASE,Others,,6750,52600,0,52600,Purchase recorded from July Grass 2025 (Chana)
purchase_2025_07_3,2025-07-21,PURCHASE,Others,,7350,61000,0,61000,Purchase recorded from July Grass 2025 (Chana)
purchase_2025_07_4,2025-07-29,PURCHASE,Others,,8450,70100,0,70100,Purchase recorded from July Grass 2025 (Chana)
purchase_2025_07_5,2025-07-29,PURCHASE,Others,,7600,63000,0,63000,Purchase recorded from July Grass 2025 (Chana)
expense_2025_07_fuel_pickup_s198,2025-07-31,EXPENSE,Fuel,Fuel Station,,37650,37650,0,Pickup Running Expense (Daalu Diesel + Depreciation) from July Grass 2025 Sales tab
expense_2025_07_interest_s199,2025-07-31,EXPENSE,Interest,Capital Partner,,7000,7000,0,Capital Interest from July Grass 2025 Sales tab
expense_discount_2025_07,2025-07-31,EXPENSE,Discount,,,181,181,0,Customer Payment Discount from July Grass 2025 Opening/Closing sheet (C2)
purchase_2025_08_1,2025-08-01,PURCHASE,Others,,7150,59300,0,59300,Purchase recorded from Aug Grass 2025 (Chana)
purchase_2025_08_2,2025-08-01,PURCHASE,Others,,7800,64700,0,64700,Purchase recorded from Aug Grass 2025 (Chana)
purchase_2025_08_3,2025-08-02,PURCHASE,Others,,7150,59300,0,59300,Purchase recorded from Aug Grass 2025 (Chana)
purchase_2025_08_4,2025-08-06,PURCHASE,Others,,7600,63000,0,63000,Purchase recorded from Aug Grass 2025 (Chana)
purchase_2025_08_5,2025-08-27,PURCHASE,Others,,7200,59700,0,59700,Purchase recorded from Aug Grass 2025 (Chana)
purchase_2025_08_6,2025-08-30,PURCHASE,Others,,7150,59300,0,59300,Purchase recorded from Aug Grass 2025 (Chana)
expense_2025_08_fuel_pickup_s198,2025-08-31,EXPENSE,Fuel,Fuel Station,,35000,35000,0,Pickup Running Expense (Daalu Diesel + Depreciation) from Aug Grass 2025 Sales tab
expense_2025_08_interest_s199,2025-08-31,EXPENSE,Interest,Capital Partner,,7000,7000,0,Capital Interest from Aug Grass 2025 Sales tab
expense_discount_2025_08,2025-08-31,EXPENSE,Discount,,,2000,2000,0,Customer Payment Discount from Aug Grass 2025 Opening/Closing sheet (C2)
purchase_2025_09_1,2025-09-03,PURCHASE,Others,,4580,41300,0,41300,Purchase recorded from Sep Grass 2025 (Tuar)
purchase_2025_09_2,2025-09-05,PURCHASE,Others,,7900,65500,0,65500,Purchase recorded from Sep Grass 2025 (Chana)
purchase_2025_09_3,2025-09-05,PURCHASE,Others,,7100,58900,0,58900,Purchase recorded from Sep Grass 2025 (Chana)
purchase_2025_09_4,2025-09-07,PURCHASE,Others,,5395,48500,0,48500,Purchase recorded from Sep Grass 2025 (Tuar)
purchase_2025_09_5,2025-09-09,PURCHASE,Others,,9270,82500,0,82500,Purchase recorded from Sep Grass 2025 (Chana)
purchase_2025_09_6,2025-09-10,PURCHASE,Others,,7750,65000,0,65000,Purchase recorded from Sep Grass 2025 (Chana)
purchase_2025_09_7,2025-09-10,PURCHASE,Others,,7700,69300,0,69300,Purchase recorded from Sep Grass 2025 (Chana)
purchase_2025_09_8,2025-09-12,PURCHASE,Others,,9200,85000,0,85000,Purchase recorded from Sep Grass 2025 (Chana)
purchase_2025_09_9,2025-09-13,PURCHASE,Others,,8400,73900,0,73900,Purchase recorded from Sep Grass 2025 (Chana)
purchase_2025_09_10,2025-09-13,PURCHASE,Others,,7650,67300,0,67300,Purchase recorded from Sep Grass 2025 (Chana)
purchase_2025_09_11,2025-09-18,PURCHASE,Others,,8200,72100,0,72100,Purchase recorded from Sep Grass 2025 (Chana)
purchase_2025_09_12,2025-09-18,PURCHASE,Others,,8300,73000,0,73000,Purchase recorded from Sep Grass 2025 (Chana)
purchase_2025_09_13,2025-09-21,PURCHASE,Others,,8350,77200,0,77200,Purchase recorded from Sep Grass 2025 (Chana)
purchase_2025_09_14,2025-09-28,PURCHASE,Others,,7500,69300,0,69300,Purchase recorded from Sep Grass 2025 (Chana)
purchase_2025_09_15,2025-09-29,PURCHASE,Others,,11400,109400,0,109400,Purchase recorded from Sep Grass 2025 (Chana)
purchase_2025_09_16,2025-09-29,PURCHASE,Others,,8900,85400,0,85400,Purchase recorded from Sep Grass 2025 (Chana)
expense_2025_09_fuel_pickup_s198,2025-09-30,EXPENSE,Fuel,Fuel Station,,30000,30000,0,Pickup Running Expense (Daalu Diesel + Depreciation) from Sep Grass 2025 Sales tab
expense_2025_09_interest_s199,2025-09-30,EXPENSE,Interest,Capital Partner,,7000,7000,0,Capital Interest from Sep Grass 2025 Sales tab
expense_2025_09_fera,2025-09-30,EXPENSE,Others,,,800,800,0,Fera trip expense from Sep Grass 2025 Sales tab
expense_discount_2025_09,2025-09-30,EXPENSE,Discount,,,4141,4141,0,Customer Payment Discount from Sep Grass 2025 Opening/Closing sheet (C2)
purchase_2025_10_1,2025-10-16,PURCHASE,Others,,11000,101700,0,101700,Purchase recorded from Oct Grass 2025 (Chana)
expense_2025_10_fuel_pickup_s198,2025-10-31,EXPENSE,Fuel,Fuel Station,,26000,26000,0,Pickup Running Expense (Daalu Diesel + Depreciation) from Oct Grass 2025 Sales tab
expense_2025_10_interest_s199,2025-10-31,EXPENSE,Interest,Capital Partner,,7000,7000,0,Capital Interest from Oct Grass 2025 Sales tab
expense_2025_10_tractor_10,2025-10-31,EXPENSE,Maintenance,,,1300,1300,0,Tractor Mhurut from Oct Grass 2025 Sales tab
expense_discount_2025_10,2025-10-31,EXPENSE,Discount,,,1874,1874,0,Customer Payment Discount from Oct Grass 2025 Opening/Closing sheet (C2)
purchase_2025_11_1,2025-11-03,PURCHASE,Others,,12000,115200,0,115200,Purchase recorded from Nov Grass 2025 (Chana)
purchase_2025_11_2,2025-11-09,PURCHASE,Others,,11500,113900,0,113900,Purchase recorded from Nov Grass 2025 (Chana)
purchase_2025_11_3,2025-11-16,PURCHASE,Others,,8500,85000,0,85000,Purchase recorded from Nov Grass 2025 (Chana)
purchase_2025_11_4,2025-11-18,PURCHASE,Others,,11100,111000,0,111000,Purchase recorded from Nov Grass 2025 (Chana)
purchase_2025_11_5,2025-11-23,PURCHASE,Others,,17600,167300,0,167300,Purchase recorded from Nov Grass 2025 (Gavatri)
expense_2025_11_fuel_pickup_s198,2025-11-30,EXPENSE,Fuel,Fuel Station,,20000,20000,0,Pickup Running Expense (Daalu Diesel + Depreciation) from Nov Grass 2025 Sales tab
expense_2025_11_interest_s199,2025-11-30,EXPENSE,Interest,Capital Partner,,7000,7000,0,Capital Interest from Nov Grass 2025 Sales tab
expense_2025_11_tractor_10,2025-11-30,EXPENSE,Maintenance,,,11800,11800,0,Tractor expenses from Nov Grass 2025 Sales tab
expense_discount_2025_11,2025-11-30,EXPENSE,Discount,,,430,430,0,Customer Payment Discount from Nov Grass 2025 Opening/Closing sheet (C2)
purchase_2025_12_1,2025-12-13,PURCHASE,Others,,9700,105700,0,105700,Purchase recorded from Dec Grass 2025 (Chana)
purchase_2025_12_2,2025-12-15,PURCHASE,Others,,11600,112500,0,112500,Purchase recorded from Dec Grass 2025 (Gavatri)
purchase_2025_12_3,2025-12-21,PURCHASE,Others,,9400,103400,0,103400,Purchase recorded from Dec Grass 2025 (Chana)
purchase_2025_12_4,2025-12-25,PURCHASE,Others,,9600,105800,0,105800,Purchase recorded from Dec Grass 2025 (B. Kutty)
purchase_2025_12_5,2025-12-27,PURCHASE,Others,,9500,104500,0,104500,Purchase recorded from Dec Grass 2025 (B. Kutty)
purchase_2025_12_6,2025-12-29,PURCHASE,Others,,9500,97300,0,97300,Purchase recorded from Dec Grass 2025 (Tuver)
expense_2025_12_fuel_pickup_s198,2025-12-31,EXPENSE,Fuel,Fuel Station,,15200,15200,0,Pickup Running Expense (Daalu Diesel + Depreciation) from Dec Grass 2025 Sales tab
expense_2025_12_interest_s199,2025-12-31,EXPENSE,Interest,Capital Partner,,7000,7000,0,Capital Interest from Dec Grass 2025 Sales tab
expense_2025_12_gulab_petrol_tea,2025-12-31,EXPENSE,Fuel,Gulab,,18000,18000,0,Gulab Petrol and Tea settlement from Dec Grass 2025 Sales tab
expense_2025_12_stationery,2025-12-31,EXPENSE,Others,,,700,700,0,Stationery from Dec Grass 2025 Sales tab
expense_discount_2025_12,2025-12-31,EXPENSE,Discount,,,2800,2800,0,Customer Payment Discount from Dec Grass 2025 Opening/Closing sheet (C2)
purchase_2026_01_1,2026-01-01,PURCHASE,Others,,6635,73000,0,73000,Purchase recorded from Jan Grass 2026 (B. Kutty)
purchase_2026_01_2,2026-01-08,PURCHASE,Others,,2520,25200,0,25200,Purchase recorded from Jan Grass 2026 (Tuvar)
purchase_2026_01_3,2026-01-13,PURCHASE,Others,,2850,28500,0,28500,Purchase recorded from Jan Grass 2026 (Tuvar)
purchase_2026_01_4,2026-01-14,PURCHASE,Others,,5400,51000,0,51000,Purchase recorded from Jan Grass 2026 (Tuvar)
purchase_2026_01_5,2026-01-15,PURCHASE,Others,,6000,60000,0,60000,Purchase recorded from Jan Grass 2026 (Tuvar)
purchase_2026_01_6,2026-01-16,PURCHASE,Others,,2780,27800,0,27800,Purchase recorded from Jan Grass 2026 (Tuvar)
purchase_2026_01_7,2026-01-17,PURCHASE,Others,,5000,50000,0,50000,Purchase recorded from Jan Grass 2026 (Tuvar)
purchase_2026_01_8,2026-01-17,PURCHASE,Others,,4690,46900,0,46900,Purchase recorded from Jan Grass 2026 (Tuvar)
purchase_2026_01_9,2026-01-18,PURCHASE,Others,,5800,58000,0,58000,Purchase recorded from Jan Grass 2026 (Tuvar)
purchase_2026_01_10,2026-01-19,PURCHASE,Others,,3600,34560,0,34560,Purchase recorded from Jan Grass 2026 (Tuvar)
purchase_2026_01_11,2026-01-20,PURCHASE,Others,,6800,68000,0,68000,Purchase recorded from Jan Grass 2026 (Tuvar)
purchase_2026_01_12,2026-01-24,PURCHASE,Others,,9800,88200,0,88200,Purchase recorded from Jan Grass 2026 (Tuvar)
purchase_2026_01_13,2026-01-24,PURCHASE,Others,,6715,63700,0,63700,Purchase recorded from Jan Grass 2026 (Tuvar)
purchase_2026_01_14,2026-01-25,PURCHASE,Others,,2040,18300,0,18300,Purchase recorded from Jan Grass 2026 (Tuvar)
purchase_2026_01_15,2026-01-27,PURCHASE,Others,,6500,58500,0,58500,Purchase recorded from Jan Grass 2026 (Tuvar)
purchase_2026_01_16,2026-01-29,PURCHASE,Others,,2805,24500,0,24500,Purchase recorded from Jan Grass 2026 (Tuvar)
purchase_2026_01_17,2026-01-30,PURCHASE,Others,,2420,21150,0,21150,Purchase recorded from Jan Grass 2026 (Tuvar)
purchase_2026_01_18,2026-01-30,PURCHASE,Others,,3410,29300,0,29300,Purchase recorded from Jan Grass 2026 (Tuvar)
purchase_2026_01_19,2026-01-30,PURCHASE,Others,,7000,59500,0,59500,Purchase recorded from Jan Grass 2026 (Tuvar)
purchase_2026_01_20,2026-01-31,PURCHASE,Others,,3125,27300,0,27300,Purchase recorded from Jan Grass 2026 (Tuvar)
expense_2026_01_interest_s199,2026-01-31,EXPENSE,Interest,Capital Partner,,7000,7000,0,Capital Interest from Jan Grass 2026 Sales tab
expense_discount_2026_01,2026-01-31,EXPENSE,Discount,,,2286,2286,0,Customer Payment Discount from Jan Grass 2026 Opening/Closing sheet (C2)
purchase_2026_02_1,2026-02-01,PURCHASE,Others,,7700,65400,0,65400,Purchase recorded from Feb Grass 2026 (Tuar)
purchase_2026_02_2,2026-02-02,PURCHASE,Others,,5270,44800,0,44800,Purchase recorded from Feb Grass 2026 (Tuar)
purchase_2026_02_3,2026-02-03,PURCHASE,Others,,2330,20350,0,20350,Purchase recorded from Feb Grass 2026 (Tuar)
purchase_2026_02_4,2026-02-03,PURCHASE,Others,,7800,66200,0,66200,Purchase recorded from Feb Grass 2026 (Tuar)
purchase_2026_02_5,2026-02-05,PURCHASE,Others,,3520,29900,0,29900,Purchase recorded from Feb Grass 2026 (Tuar)
purchase_2026_02_6,2026-02-06,PURCHASE,Others,,3440,29200,0,29200,Purchase recorded from Feb Grass 2026 (Tuar)
purchase_2026_02_7,2026-02-07,PURCHASE,Others,,2760,23300,0,23300,Purchase recorded from Feb Grass 2026 (Tuar)
purchase_2026_02_8,2026-02-07,PURCHASE,Others,,3465,28500,0,28500,Purchase recorded from Feb Grass 2026 (Tuar)
purchase_2026_02_9,2026-02-07,PURCHASE,Others,,5295,44900,0,44900,Purchase recorded from Feb Grass 2026 (Tuar)
purchase_2026_02_10,2026-02-09,PURCHASE,Others,,5035,40200,0,40200,Purchase recorded from Feb Grass 2026 (Tuar)
purchase_2026_02_11,2026-02-10,PURCHASE,Others,,2925,24100,0,24100,Purchase recorded from Feb Grass 2026 (Tuar)
purchase_2026_02_12,2026-02-11,PURCHASE,Others,,2965,25200,0,25200,Purchase recorded from Feb Grass 2026 (Tuar)
purchase_2026_02_13,2026-02-11,PURCHASE,Others,,4035,33500,0,33500,Purchase recorded from Feb Grass 2026 (Tuar)
purchase_2026_02_14,2026-02-11,PURCHASE,Others,,5660,45300,0,45300,Purchase recorded from Feb Grass 2026 (Tuar)
purchase_2026_02_15,2026-02-12,PURCHASE,Others,,2900,23200,0,23200,Purchase recorded from Feb Grass 2026 (Tuar)
purchase_2026_02_16,2026-02-13,PURCHASE,Others,,2920,24800,0,24800,Purchase recorded from Feb Grass 2026 (Tuar)
purchase_2026_02_17,2026-02-16,PURCHASE,Others,,3190,26300,0,26300,Purchase recorded from Feb Grass 2026 (Tuar)
purchase_2026_02_18,2026-02-17,PURCHASE,Others,,6200,49600,0,49600,Purchase recorded from Feb Grass 2026 (Tuar)
purchase_2026_02_19,2026-02-18,PURCHASE,Others,,3555,28700,0,28700,Purchase recorded from Feb Grass 2026 (Tuar)
purchase_2026_02_20,2026-02-19,PURCHASE,Others,,4960,39600,0,39600,Purchase recorded from Feb Grass 2026 (Tuar)
purchase_2026_02_21,2026-02-21,PURCHASE,Others,,7500,60000,0,60000,Purchase recorded from Feb Grass 2026 (Tuar)
purchase_2026_02_22,2026-02-23,PURCHASE,Others,,11100,84300,0,84300,Purchase recorded from Feb Grass 2026 (Tuar)
purchase_2026_02_23,2026-02-23,PURCHASE,Others,,3200,26500,0,26500,Purchase recorded from Feb Grass 2026 (Tuar)
purchase_2026_02_24,2026-02-26,PURCHASE,Others,,8500,59500,0,59500,Purchase recorded from Feb Grass 2026 (Chana)
expense_2026_02_interest_s199,2026-02-28,EXPENSE,Interest,Capital Partner,,7000,7000,0,Capital Interest from Feb Grass 2026 Sales tab
expense_discount_2026_02,2026-02-28,EXPENSE,Discount,,,1229,1229,0,Customer Payment Discount from Feb Grass 2026 Opening/Closing sheet (C2)
purchase_2026_03_1,2026-03-01,PURCHASE,Others,,9300,69700,0,69700,Purchase recorded from March Grass 2026 (Tuar)
purchase_2026_03_2,2026-03-01,PURCHASE,Others,,6200,46500,0,46500,Purchase recorded from March Grass 2026 (Tuar)
purchase_2026_03_3,2026-03-01,PURCHASE,Others,,6300,47200,0,47200,Purchase recorded from March Grass 2026 (Tuar)
purchase_2026_03_4,2026-03-03,PURCHASE,Others,,9000,67500,0,67500,Purchase recorded from March Grass 2026 (Tuar)
purchase_2026_03_5,2026-03-07,PURCHASE,Others,,8100,63200,0,63200,Purchase recorded from March Grass 2026 (Chana)
purchase_2026_03_6,2026-03-10,PURCHASE,Others,,2725,22400,0,22400,Purchase recorded from March Grass 2026 (Tuar)
purchase_2026_03_7,2026-03-16,PURCHASE,Others,,8400,64700,0,64700,Purchase recorded from March Grass 2026 (Chana)
purchase_2026_03_8,2026-03-16,PURCHASE,Others,,9000,67600,0,67600,Purchase recorded from March Grass 2026 (Chana)
purchase_2026_03_9,2026-03-17,PURCHASE,Others,,7200,56600,0,56600,Purchase recorded from March Grass 2026 (Tuar)
purchase_2026_03_10,2026-03-19,PURCHASE,Others,,8300,68900,0,68900,Purchase recorded from March Grass 2026 (Tuar)
purchase_2026_03_11,2026-03-20,PURCHASE,Others,,8300,61400,0,61400,Purchase recorded from March Grass 2026 (Chana)
purchase_2026_03_12,2026-03-21,PURCHASE,Others,,9000,75000,0,75000,Purchase recorded from March Grass 2026 (Tuar)
purchase_2026_03_13,2026-03-23,PURCHASE,Others,,9800,76000,0,76000,Purchase recorded from March Grass 2026 (Tuar)
purchase_2026_03_14,2026-03-25,PURCHASE,Others,,7100,56800,0,56800,Purchase recorded from March Grass 2026 (Tuar)
purchase_2026_03_15,2026-03-29,PURCHASE,Others,,7200,54700,0,54700,Purchase recorded from March Grass 2026 (Chana)
expense_2026_03_interest_s199,2026-03-31,EXPENSE,Interest,Capital Partner,,7000,7000,0,Capital Interest from March Grass 2026 Sales tab
expense_discount_2026_03,2026-03-31,EXPENSE,Discount,,,1680,1680,0,Customer Payment Discount from March Grass 2026 Opening/Closing sheet (C2)
purchase_2026_04_1,2026-04-01,PURCHASE,Others,,7000,56000,0,56000,Purchase recorded from April Grass 2026 (Tuar)
purchase_2026_04_2,2026-04-01,PURCHASE,Others,,8900,66700,0,66700,Purchase recorded from April Grass 2026 (Chana)
purchase_2026_04_3,2026-04-01,PURCHASE,Others,,7400,59200,0,59200,Purchase recorded from April Grass 2026 (Tuar)
purchase_2026_04_4,2026-04-04,PURCHASE,Others,,7500,56200,0,56200,Purchase recorded from April Grass 2026 (Tuar)
purchase_2026_04_5,2026-04-08,PURCHASE,Others,,5900,47200,0,47200,Purchase recorded from April Grass 2026 (Tuar)
purchase_2026_04_6,2026-04-08,PURCHASE,Others,,6620,49600,0,49600,Purchase recorded from April Grass 2026 (Chana)
purchase_2026_04_7,2026-04-09,PURCHASE,Others,,2240,12850,0,12850,Purchase recorded from April Grass 2026 (Isabgol)
purchase_2026_04_8,2026-04-14,PURCHASE,Others,,8200,62300,0,62300,Purchase recorded from April Grass 2026 (Chana)
purchase_2026_04_9,2026-04-15,PURCHASE,Others,,8300,64700,0,64700,Purchase recorded from April Grass 2026 (Chana)
purchase_2026_04_10,2026-04-15,PURCHASE,Others,,7200,55400,0,55400,Purchase recorded from April Grass 2026 (Chana)
purchase_2026_04_11,2026-04-19,PURCHASE,Others,,6600,51500,0,51500,Purchase recorded from April Grass 2026 (Chana)
purchase_2026_04_12,2026-04-26,PURCHASE,Others,,7900,67100,0,67100,Purchase recorded from April Grass 2026 (Chana)
purchase_2026_04_13,2026-04-30,PURCHASE,Others,,6900,55900,0,55900,Purchase recorded from April Grass 2026 (M. Kutty)
expense_2026_04_interest_s199,2026-04-30,EXPENSE,Interest,Capital Partner,,7000,7000,0,Capital Interest from April Grass 2026 Sales tab
expense_discount_2026_04,2026-04-30,EXPENSE,Discount,,,2201,2201,0,Customer Payment Discount from April Grass 2026 Opening/Closing sheet (C2)
purchase_2026_05_1,2026-05-01,PURCHASE,Others,,6900,58850,0,58850,Purchase recorded from May Grass 2026 (Chana)
purchase_2026_05_2,2026-05-04,PURCHASE,Others,,5890,53500,0,53500,Purchase recorded from May Grass 2026 (B.Kutty)
purchase_2026_05_3,2026-05-04,PURCHASE,Others,,8600,77400,0,77400,Purchase recorded from May Grass 2026 (Chana)
purchase_2026_05_4,2026-05-05,PURCHASE,Others,,7000,59500,0,59500,Purchase recorded from May Grass 2026 (Chana)
purchase_2026_05_5,2026-05-09,PURCHASE,Others,,6300,53500,0,53500,Purchase recorded from May Grass 2026 (Chana)
purchase_2026_05_6,2026-05-09,PURCHASE,Others,,7600,68400,0,68400,Purchase recorded from May Grass 2026 (B.Kutty)
purchase_2026_05_7,2026-05-10,PURCHASE,Others,,6100,54000,0,54000,Purchase recorded from May Grass 2026 (B.Kutty)
purchase_2026_05_8,2026-05-12,PURCHASE,Others,,9300,83700,0,83700,Purchase recorded from May Grass 2026 (Chana)
purchase_2026_05_9,2026-05-15,PURCHASE,Others,,6300,53500,0,53500,Purchase recorded from May Grass 2026 (Chana)
purchase_2026_05_10,2026-05-19,PURCHASE,Others,,7300,65700,0,65700,Purchase recorded from May Grass 2026 (B.Kutty)
purchase_2026_05_11,2026-05-21,PURCHASE,Others,,8500,77200,0,77200,Purchase recorded from May Grass 2026 (B.Kutty)
purchase_2026_05_12,2026-05-24,PURCHASE,Others,,8600,77400,0,77400,Purchase recorded from May Grass 2026 (Chana)
purchase_2026_05_13,2026-05-26,PURCHASE,Others,,8800,83600,0,83600,Purchase recorded from May Grass 2026 (B.Kutty)
purchase_2026_05_14,2026-05-27,PURCHASE,Others,,7300,62000,0,62000,Purchase recorded from May Grass 2026 (Chana)
purchase_2026_05_15,2026-05-29,PURCHASE,Others,,8800,77400,0,77400,Purchase recorded from May Grass 2026 (Chana)
purchase_2026_05_16,2026-05-31,PURCHASE,Others,,9600,84000,0,84000,Purchase recorded from May Grass 2026 (Chana)
expense_2026_05_fuel_pickup_s198,2026-05-31,EXPENSE,Fuel,Fuel Station,,51100,51100,0,Pickup Running Expense (Daalu Diesel + Depreciation) from May Grass 2026 Sales tab
expense_2026_05_interest_s199,2026-05-31,EXPENSE,Interest,Capital Partner,,7000,7000,0,Capital Interest from May Grass 2026 Sales tab
expense_discount_2026_05,2026-05-31,EXPENSE,Discount,,,2400,2400,0,Customer Payment Discount from May Grass 2026 Opening/Closing sheet (C2)
purchase_2026_06_1,2026-06-02,PURCHASE,Others,,6000,56400,0,56400,Purchase recorded from Jun Grass 2026 (B. Kutty)
purchase_2026_06_2,2026-06-02,PURCHASE,Others,,7200,61200,0,61200,Purchase recorded from Jun Grass 2026 (Chana)
purchase_2026_06_3,2026-06-05,PURCHASE,Others,,5500,51700,0,51700,Purchase recorded from Jun Grass 2026 (B. Kutty)
purchase_2026_06_4,2026-06-25,PURCHASE,Others,,9700,92100,0,92100,Purchase recorded from Jun Grass 2026 (Chana)
purchase_2026_06_5,2026-06-29,PURCHASE,Others,,9840,94000,0,94000,Purchase recorded from Jun Grass 2026 (Chana)
expense_2026_06_interest_s199,2026-06-30,EXPENSE,Interest,Capital Partner,,7000,7000,0,Capital Interest from Jun Grass 2026 Sales tab
expense_discount_2026_06,2026-06-30,EXPENSE,Discount,,,1651,1651,0,Customer Payment Discount from Jun Grass 2026 Opening/Closing sheet (C2)
purchase_2026_07_1,2026-07-02,PURCHASE,Others,,11300,113000,0,113000,Purchase recorded from July Grass 2026 (Chana)
purchase_2026_07_2,2026-07-04,PURCHASE,Others,,12100,121000,0,121000,Purchase recorded from July Grass 2026 (Chana)
purchase_2026_07_3,2026-07-09,PURCHASE,Others,,7300,74800,0,74800,Purchase recorded from July Grass 2026 (Chana)
purchase_2026_07_4,2026-07-09,PURCHASE,Others,,8200,84000,0,84000,Purchase recorded from July Grass 2026 (Chana)
purchase_2026_07_5,2026-07-13,PURCHASE,Others,,7970,81700,0,81700,Purchase recorded from July Grass 2026 (Chana)
purchase_2026_07_6,2026-07-16,PURCHASE,Others,,11000,115500,0,115500,Purchase recorded from July Grass 2026 (Chana)
purchase_2026_07_7,2026-07-17,PURCHASE,Others,,5200,53300,0,53300,Purchase recorded from July Grass 2026 (Chana)
purchase_2026_07_8,2026-07-22,PURCHASE,Others,,8300,87100,0,87100,Purchase recorded from July Grass 2026 (Chana)
purchase_2026_07_9,2026-07-28,PURCHASE,Others,,13600,143600,0,143600,Purchase recorded from July Grass 2026 (Chana)
expense_2026_07_interest_s199,2026-07-31,EXPENSE,Interest,Capital Partner,,7000,7000,0,Capital Interest from July Grass 2026 Sales tab
expense_discount_2026_07,2026-07-31,EXPENSE,Discount,,,1462,1462,0,Customer Payment Discount from July Grass 2026 Opening/Closing sheet (C2)
purchase_2026_08_1,2026-08-03,PURCHASE,Others,,5920,63900,0,63900,Purchase recorded from Aug Grass 2026 (Chana)
purchase_2026_08_2,2026-08-04,PURCHASE,Others,,10900,118800,0,118800,Purchase recorded from Aug Grass 2026 (Chana)
purchase_2026_08_3,2026-08-04,PURCHASE,Others,,8600,92000,0,92000,Purchase recorded from Aug Grass 2026 (Chana)
purchase_2026_08_4,2026-08-05,PURCHASE,Others,,8300,89600,0,89600,Purchase recorded from Aug Grass 2026 (Chana)
purchase_2026_08_5,2026-08-11,PURCHASE,Others,,12200,131100,0,131100,Purchase recorded from Aug Grass 2026 (Chana)
purchase_2026_08_6,2026-08-16,PURCHASE,Others,,10200,108100,0,108100,Purchase recorded from Aug Grass 2026 (Chana)
purchase_2026_08_7,2026-08-24,PURCHASE,Others,,10100,107000,0,107000,Purchase recorded from Aug Grass 2026 (Chana)
purchase_2026_08_8,2026-08-30,PURCHASE,Others,,13200,142500,0,142500,Purchase recorded from Aug Grass 2026 (Chana)
expense_2026_08_interest_s198,2026-08-31,EXPENSE,Interest,Capital Partner,,7000,7000,0,Capital Interest from Aug Grass 2026 Sales tab
expense_discount_2026_08,2026-08-31,EXPENSE,Discount,,,1269,1269,0,Customer Payment Discount from Aug Grass 2026 Opening/Closing sheet (C2)