PurchaseID,Date,Category,Item,WeightKg,PurchaseRate,Amount,VendorName,Notes
purchase_2025_01_1,2025-01-15T12:00:00.000Z,Purchase,Hay,8300,10,83000,5 Jan 2025,Imported from Jan 2025 Purchase Sheet
purchase_2025_01_2,2025-01-15T12:00:00.000Z,Purchase,Hay,14200,8.31,118000,6 Jan 2025,Imported from Jan 2025 Purchase Sheet
purchase_2025_01_3,2025-01-15T12:00:00.000Z,Purchase,Hay,5065,8.98,45500,21 Jan 2025,Imported from Jan 2025 Purchase Sheet
purchase_2025_01_4,2025-01-15T12:00:00.000Z,Purchase,Hay,7100,10.15,72100,21 Jan 2025,Imported from Jan 2025 Purchase Sheet
purchase_2025_01_5,2025-01-15T12:00:00.000Z,Purchase,Hay,7000,9.51,66600,23 Jan 2025,Imported from Jan 2025 Purchase Sheet
purchase_2025_01_6,2025-01-15T12:00:00.000Z,Purchase,Hay,6240,10.3,64300,26 Jan 2025,Imported from Jan 2025 Purchase Sheet
purchase_2025_01_7,2025-01-15T12:00:00.000Z,Purchase,Hay,11500,9.61,110500,31 Jan 2025,Imported from Jan 2025 Purchase Sheet
purchase_2025_01_8,2025-01-15T12:00:00.000Z,Purchase,Hay,4730,10.02,47400,31 Jan 2025,Imported from Jan 2025 Purchase Sheet
purchase_2025_02_1,2025-02-15T12:00:00.000Z,Purchase,Hay,3810,10,38100,2 Feb 2025,Imported from Feb 2025 Purchase Sheet
purchase_2025_02_2,2025-02-15T12:00:00.000Z,Purchase,Hay,9300,9.51,88400,2 Feb 2025,Imported from Feb 2025 Purchase Sheet
purchase_2025_02_3,2025-02-15T12:00:00.000Z,Purchase,Hay,9540,9.4,89700,3 Feb 2025,Imported from Feb 2025 Purchase Sheet
purchase_2025_02_4,2025-02-15T12:00:00.000Z,Purchase,Hay,4615,9.32,43000,4 Feb 2025,Imported from Feb 2025 Purchase Sheet
purchase_2025_02_5,2025-02-15T12:00:00.000Z,Purchase,Hay,6000,9.1,54600,7 Feb 2025,Imported from Feb 2025 Purchase Sheet
purchase_2025_02_6,2025-02-15T12:00:00.000Z,Purchase,Hay,5700,9.19,52400,7 Feb 2025,Imported from Feb 2025 Purchase Sheet
purchase_2025_02_7,2025-02-15T12:00:00.000Z,Purchase,Hay,5300,9.36,49600,9 Feb 2025,Imported from Feb 2025 Purchase Sheet
purchase_2025_02_8,2025-02-15T12:00:00.000Z,Purchase,Hay,4250,8.8,37400,11 Feb 2025,Imported from Feb 2025 Purchase Sheet
purchase_2025_02_9,2025-02-15T12:00:00.000Z,Purchase,Hay,5670,8.89,50400,12 Feb 2025,Imported from Feb 2025 Purchase Sheet
purchase_2025_02_10,2025-02-15T12:00:00.000Z,Purchase,Hay,5600,9.02,50500,13 Feb 2025,Imported from Feb 2025 Purchase Sheet
purchase_2025_02_11,2025-02-15T12:00:00.000Z,Purchase,Hay,2510,8.01,20100,14 Feb 2025,Imported from Feb 2025 Purchase Sheet
purchase_2025_02_12,2025-02-15T12:00:00.000Z,Purchase,Hay,5645,8.24,46500,15 Feb 2025,Imported from Feb 2025 Purchase Sheet
purchase_2025_02_13,2025-02-15T12:00:00.000Z,Purchase,Hay,2400,8.67,20800,18 Feb 2025,Imported from Feb 2025 Purchase Sheet
purchase_2025_02_14,2025-02-15T12:00:00.000Z,Purchase,Hay,3300,8.48,28000,18 Feb 2025,Imported from Feb 2025 Purchase Sheet
purchase_2025_02_15,2025-02-15T12:00:00.000Z,Purchase,Hay,5950,8.49,50500,18 Feb 2025,Imported from Feb 2025 Purchase Sheet
purchase_2025_02_16,2025-02-15T12:00:00.000Z,Purchase,Hay,500,8.2,4100,20 Feb 2025,Imported from Feb 2025 Purchase Sheet
purchase_2025_02_17,2025-02-15T12:00:00.000Z,Purchase,Hay,4165,8.38,34900,20 Feb 2025,Imported from Feb 2025 Purchase Sheet
purchase_2025_02_18,2025-02-15T12:00:00.000Z,Purchase,Hay,7400,8.24,61000,21 Feb 2025,Imported from Feb 2025 Purchase Sheet
purchase_2025_02_19,2025-02-15T12:00:00.000Z,Purchase,Hay,6600,8.26,54500,24 Feb 2025,Imported from Feb 2025 Purchase Sheet
purchase_2025_02_20,2025-02-15T12:00:00.000Z,Purchase,Hay,7200,8,57600,27 Feb 2025,Imported from Feb 2025 Purchase Sheet
purchase_2025_03_1,2025-03-15T12:00:00.000Z,Purchase,Hay,5600,8,44800,2 Mar 2025,Imported from March 2025 Purchase Sheet
purchase_2025_03_2,2025-03-15T12:00:00.000Z,Purchase,Hay,6200,7,43400,2 Mar 2025,Imported from March 2025 Purchase Sheet
purchase_2025_03_3,2025-03-15T12:00:00.000Z,Purchase,Hay,4035,6.99,28200,3 Mar 2025,Imported from March 2025 Purchase Sheet
purchase_2025_03_4,2025-03-15T12:00:00.000Z,Purchase,Hay,2015,7.49,15100,3 Mar 2025,Imported from March 2025 Purchase Sheet
purchase_2025_03_5,2025-03-15T12:00:00.000Z,Purchase,Hay,2520,6.71,16900,4 Mar 2025,Imported from March 2025 Purchase Sheet
purchase_2025_03_6,2025-03-15T12:00:00.000Z,Purchase,Hay,2335,7.28,17000,5 Mar 2025,Imported from March 2025 Purchase Sheet
purchase_2025_03_7,2025-03-15T12:00:00.000Z,Purchase,Hay,6600,8,52800,5 Mar 2025,Imported from March 2025 Purchase Sheet
purchase_2025_03_8,2025-03-15T12:00:00.000Z,Purchase,Hay,5290,7.75,41000,5 Mar 2025,Imported from March 2025 Purchase Sheet
purchase_2025_03_9,2025-03-15T12:00:00.000Z,Purchase,Hay,6700,7.01,47000,7 Mar 2025,Imported from March 2025 Purchase Sheet
purchase_2025_03_10,2025-03-15T12:00:00.000Z,Purchase,Hay,3355,6.97,23400,8 Mar 2025,Imported from March 2025 Purchase Sheet
purchase_2025_03_11,2025-03-15T12:00:00.000Z,Purchase,Hay,8600,7.4,63600,8 Mar 2025,Imported from March 2025 Purchase Sheet
purchase_2025_03_12,2025-03-15T12:00:00.000Z,Purchase,Hay,8200,7.74,63500,9 Mar 2025,Imported from March 2025 Purchase Sheet
purchase_2025_03_13,2025-03-15T12:00:00.000Z,Purchase,Hay,6500,7,45500,10 Mar 2025,Imported from March 2025 Purchase Sheet
purchase_2025_03_14,2025-03-15T12:00:00.000Z,Purchase,Hay,7300,7,51100,15 Mar 2025,Imported from March 2025 Purchase Sheet
purchase_2025_03_15,2025-03-15T12:00:00.000Z,Purchase,Hay,3620,6.99,25300,16 Mar 2025,Imported from March 2025 Purchase Sheet
purchase_2025_03_16,2025-03-15T12:00:00.000Z,Purchase,Hay,2505,8.46,21200,16 Mar 2025,Imported from March 2025 Purchase Sheet
purchase_2025_03_17,2025-03-15T12:00:00.000Z,Purchase,Hay,5070,6.98,35400,16 Mar 2025,Imported from March 2025 Purchase Sheet
purchase_2025_03_18,2025-03-15T12:00:00.000Z,Purchase,Hay,2160,6.9,14900,22 Mar 2025,Imported from March 2025 Purchase Sheet
purchase_2025_03_19,2025-03-15T12:00:00.000Z,Purchase,Hay,1425,6.67,9500,22 Mar 2025,Imported from March 2025 Purchase Sheet
purchase_2025_03_20,2025-03-15T12:00:00.000Z,Purchase,Hay,5995,6.99,41900,25 Mar 2025,Imported from March 2025 Purchase Sheet
purchase_2025_03_21,2025-03-15T12:00:00.000Z,Purchase,Hay,5510,7.01,38600,25 Mar 2025,Imported from March 2025 Purchase Sheet
purchase_2025_03_22,2025-03-15T12:00:00.000Z,Purchase,Hay,6200,7.02,43500,27 Mar 2025,Imported from March 2025 Purchase Sheet
purchase_2025_03_23,2025-03-15T12:00:00.000Z,Purchase,Hay,4000,7,28000,27 Mar 2025,Imported from March 2025 Purchase Sheet
purchase_2025_03_24,2025-03-15T12:00:00.000Z,Purchase,Hay,7500,7,52500,28 Mar 2025,Imported from March 2025 Purchase Sheet
purchase_2025_03_25,2025-03-15T12:00:00.000Z,Purchase,Hay,3370,6.97,23500,29 Mar 2025,Imported from March 2025 Purchase Sheet
purchase_2025_03_26,2025-03-15T12:00:00.000Z,Purchase,Hay,7300,7,51100,30 Mar 2025,Imported from March 2025 Purchase Sheet
purchase_2025_04_1,2025-04-15T12:00:00.000Z,Purchase,Hay,3150,6.98,22000,2 Apr 2025,Imported from April 2025 Purchase Sheet
purchase_2025_04_2,2025-04-15T12:00:00.000Z,Purchase,Hay,1145,6.99,8000,4 Apr 2025,Imported from April 2025 Purchase Sheet
purchase_2025_04_3,2025-04-15T12:00:00.000Z,Purchase,Hay,8600,7,60200,4 Apr 2025,Imported from April 2025 Purchase Sheet
purchase_2025_04_4,2025-04-15T12:00:00.000Z,Purchase,Hay,3855,5.97,23000,5 Apr 2025,Imported from April 2025 Purchase Sheet
purchase_2025_04_5,2025-04-15T12:00:00.000Z,Purchase,Hay,3085,7,21600,6 Apr 2025,Imported from April 2025 Purchase Sheet
purchase_2025_04_6,2025-04-15T12:00:00.000Z,Purchase,Hay,8100,7,56700,6 Apr 2025,Imported from April 2025 Purchase Sheet
purchase_2025_04_7,2025-04-15T12:00:00.000Z,Purchase,Hay,9000,7,63000,7 Apr 2025,Imported from April 2025 Purchase Sheet
purchase_2025_04_8,2025-04-15T12:00:00.000Z,Purchase,Hay,7900,6.81,53800,13 Apr 2025,Imported from April 2025 Purchase Sheet
purchase_2025_04_9,2025-04-15T12:00:00.000Z,Purchase,Hay,10100,7,70700,14 Apr 2025,Imported from April 2025 Purchase Sheet
purchase_2025_04_10,2025-04-15T12:00:00.000Z,Purchase,Hay,9300,7,65100,14 Apr 2025,Imported from April 2025 Purchase Sheet
purchase_2025_04_11,2025-04-15T12:00:00.000Z,Purchase,Hay,8300,7,58100,17 Apr 2025,Imported from April 2025 Purchase Sheet
purchase_2025_04_12,2025-04-15T12:00:00.000Z,Purchase,Hay,9600,7,67200,20 Apr 2025,Imported from April 2025 Purchase Sheet
purchase_2025_04_13,2025-04-15T12:00:00.000Z,Purchase,Hay,11700,7,81900,22 Apr 2025,Imported from April 2025 Purchase Sheet
purchase_2025_04_14,2025-04-15T12:00:00.000Z,Purchase,Hay,10900,7,76300,24 Apr 2025,Imported from April 2025 Purchase Sheet
purchase_2025_04_15,2025-04-15T12:00:00.000Z,Purchase,Hay,8400,7.26,61000,26 Apr 2025,Imported from April 2025 Purchase Sheet
purchase_2025_04_16,2025-04-15T12:00:00.000Z,Purchase,Hay,10800,7,75600,26 Apr 2025,Imported from April 2025 Purchase Sheet
purchase_2025_04_17,2025-04-15T12:00:00.000Z,Purchase,Hay,12000,7,84000,26 Apr 2025,Imported from April 2025 Purchase Sheet
purchase_2025_04_18,2025-04-15T12:00:00.000Z,Purchase,Hay,1265,7,8850,27 Apr 2025,Imported from April 2025 Purchase Sheet
purchase_2025_04_19,2025-04-15T12:00:00.000Z,Purchase,Hay,12900,7,90300,28 Apr 2025,Imported from April 2025 Purchase Sheet
purchase_2025_04_20,2025-04-15T12:00:00.000Z,Purchase,Hay,11500,7,80500,28 Apr 2025,Imported from April 2025 Purchase Sheet
purchase_2025_04_21,2025-04-15T12:00:00.000Z,Purchase,Hay,7800,7,54600,29 Apr 2025,Imported from April 2025 Purchase Sheet
purchase_2025_04_22,2025-04-15T12:00:00.000Z,Purchase,Hay,10800,7,75600,30 Apr 2025,Imported from April 2025 Purchase Sheet
purchase_2025_04_23,2025-04-15T12:00:00.000Z,Purchase,Hay,10600,7,74200,30 Apr 2025,Imported from April 2025 Purchase Sheet
purchase_2025_04_24,2025-04-15T12:00:00.000Z,Purchase,Hay,10000,6.5,65000,30 Apr 2025,Imported from April 2025 Purchase Sheet
purchase_2025_05_1,2025-05-15T12:00:00.000Z,Purchase,Hay,6100,7,42700,2 May 2025,Imported from May 2025 Purchase Sheet
purchase_2025_05_2,2025-05-15T12:00:00.000Z,Purchase,Hay,11500,7,80500,2 May 2025,Imported from May 2025 Purchase Sheet
purchase_2025_05_3,2025-05-15T12:00:00.000Z,Purchase,Hay,8000,7,56000,3 May 2025,Imported from May 2025 Purchase Sheet
purchase_2025_05_4,2025-05-15T12:00:00.000Z,Purchase,Hay,11700,7,81900,4 May 2025,Imported from May 2025 Purchase Sheet
purchase_2025_05_5,2025-05-15T12:00:00.000Z,Purchase,Hay,5600,6,33600,6 May 2025,Imported from May 2025 Purchase Sheet
purchase_2025_05_6,2025-05-15T12:00:00.000Z,Purchase,Hay,5700,7,39900,6 May 2025,Imported from May 2025 Purchase Sheet
purchase_2025_05_7,2025-05-15T12:00:00.000Z,Purchase,Hay,10200,7,71400,17 May 2025,Imported from May 2025 Purchase Sheet
purchase_2025_05_8,2025-05-15T12:00:00.000Z,Purchase,Hay,9200,7,64400,27 May 2025,Imported from May 2025 Purchase Sheet
purchase_2025_06_1,2025-06-15T12:00:00.000Z,Purchase,Hay,1,7,7,1 Jun 2025,Imported from Jun 2025 Purchase Sheet
purchase_2025_07_1,2025-07-15T12:00:00.000Z,Purchase,Hay,6950,7.8,54200,13 Jul 2025,Imported from July 2025 Purchase Sheet
purchase_2025_07_2,2025-07-15T12:00:00.000Z,Purchase,Hay,6750,7.79,52600,16 Jul 2025,Imported from July 2025 Purchase Sheet
purchase_2025_07_3,2025-07-15T12:00:00.000Z,Purchase,Hay,7350,8.3,61000,21 Jul 2025,Imported from July 2025 Purchase Sheet
purchase_2025_07_4,2025-07-15T12:00:00.000Z,Purchase,Hay,8450,8.3,70100,29 Jul 2025,Imported from July 2025 Purchase Sheet
purchase_2025_07_5,2025-07-15T12:00:00.000Z,Purchase,Hay,7600,8.29,63000,29 Jul 2025,Imported from July 2025 Purchase Sheet
purchase_2025_08_1,2025-08-15T12:00:00.000Z,Purchase,Hay,7150,8.29,59300,1 Aug 2025,Imported from Aug 2025 Purchase Sheet
purchase_2025_08_2,2025-08-15T12:00:00.000Z,Purchase,Hay,7800,8.29,64700,1 Aug 2025,Imported from Aug 2025 Purchase Sheet
purchase_2025_08_3,2025-08-15T12:00:00.000Z,Purchase,Hay,7150,8.29,59300,2 Aug 2025,Imported from Aug 2025 Purchase Sheet
purchase_2025_08_4,2025-08-15T12:00:00.000Z,Purchase,Hay,7600,8.29,63000,6 Aug 2025,Imported from Aug 2025 Purchase Sheet
purchase_2025_08_5,2025-08-15T12:00:00.000Z,Purchase,Hay,7200,8.29,59700,27 Aug 2025,Imported from Aug 2025 Purchase Sheet
purchase_2025_08_6,2025-08-15T12:00:00.000Z,Purchase,Hay,7150,8.29,59300,30 Aug 2025,Imported from Aug 2025 Purchase Sheet
purchase_2025_09_1,2025-09-15T12:00:00.000Z,Purchase,Hay,4580,9.02,41300,3 Sep 2025,Imported from Sep 2025 Purchase Sheet
purchase_2025_09_2,2025-09-15T12:00:00.000Z,Purchase,Hay,7900,8.29,65500,5 Sep 2025,Imported from Sep 2025 Purchase Sheet
purchase_2025_09_3,2025-09-15T12:00:00.000Z,Purchase,Hay,7100,8.3,58900,5 Sep 2025,Imported from Sep 2025 Purchase Sheet
purchase_2025_09_4,2025-09-15T12:00:00.000Z,Purchase,Hay,5395,8.99,48500,7 Sep 2025,Imported from Sep 2025 Purchase Sheet
purchase_2025_09_5,2025-09-15T12:00:00.000Z,Purchase,Hay,9270,8.9,82500,9 Sep 2025,Imported from Sep 2025 Purchase Sheet
purchase_2025_09_6,2025-09-15T12:00:00.000Z,Purchase,Hay,7750,8.39,65000,10 Sep 2025,Imported from Sep 2025 Purchase Sheet
purchase_2025_09_7,2025-09-15T12:00:00.000Z,Purchase,Hay,7700,9,69300,10 Sep 2025,Imported from Sep 2025 Purchase Sheet
purchase_2025_09_8,2025-09-15T12:00:00.000Z,Purchase,Hay,9200,9.24,85000,12 Sep 2025,Imported from Sep 2025 Purchase Sheet
purchase_2025_09_9,2025-09-15T12:00:00.000Z,Purchase,Hay,8400,8.8,73900,13 Sep 2025,Imported from Sep 2025 Purchase Sheet
purchase_2025_09_10,2025-09-15T12:00:00.000Z,Purchase,Hay,7650,8.8,67300,13 Sep 2025,Imported from Sep 2025 Purchase Sheet
purchase_2025_09_11,2025-09-15T12:00:00.000Z,Purchase,Hay,8200,8.79,72100,18 Sep 2025,Imported from Sep 2025 Purchase Sheet
purchase_2025_09_12,2025-09-15T12:00:00.000Z,Purchase,Hay,8300,8.8,73000,18 Sep 2025,Imported from Sep 2025 Purchase Sheet
purchase_2025_09_13,2025-09-15T12:00:00.000Z,Purchase,Hay,8350,9.25,77200,21 Sep 2025,Imported from Sep 2025 Purchase Sheet
purchase_2025_09_14,2025-09-15T12:00:00.000Z,Purchase,Hay,7500,9.24,69300,28 Sep 2025,Imported from Sep 2025 Purchase Sheet
purchase_2025_09_15,2025-09-15T12:00:00.000Z,Purchase,Hay,11400,9.6,109400,29 Sep 2025,Imported from Sep 2025 Purchase Sheet
purchase_2025_09_16,2025-09-15T12:00:00.000Z,Purchase,Hay,8900,9.6,85400,29 Sep 2025,Imported from Sep 2025 Purchase Sheet
purchase_2025_10_1,2025-10-15T12:00:00.000Z,Purchase,Hay,11000,9.25,101700,16 Oct 2025,Imported from Oct 2025 Purchase Sheet
purchase_2025_11_1,2025-11-15T12:00:00.000Z,Purchase,Hay,12000,9.6,115200,3 Nov 2025,Imported from Nov 2025 Purchase Sheet
purchase_2025_11_2,2025-11-15T12:00:00.000Z,Purchase,Hay,11500,9.9,113900,9 Nov 2025,Imported from Nov 2025 Purchase Sheet
purchase_2025_11_3,2025-11-15T12:00:00.000Z,Purchase,Hay,8500,10,85000,16 Nov 2025,Imported from Nov 2025 Purchase Sheet
purchase_2025_11_4,2025-11-15T12:00:00.000Z,Purchase,Hay,11100,10,111000,18 Nov 2025,Imported from Nov 2025 Purchase Sheet
purchase_2025_11_5,2025-11-15T12:00:00.000Z,Purchase,Hay,17600,9.51,167300,23 Nov 2025,Imported from Nov 2025 Purchase Sheet
purchase_2025_12_1,2025-12-15T12:00:00.000Z,Purchase,Hay,9700,10.9,105700,13 Dec 2025,Imported from Dec 2025 Purchase Sheet
purchase_2025_12_2,2025-12-15T12:00:00.000Z,Purchase,Hay,11600,9.7,112500,15 Dec 2025,Imported from Dec 2025 Purchase Sheet
purchase_2025_12_3,2025-12-15T12:00:00.000Z,Purchase,Hay,9400,11,103400,21 Dec 2025,Imported from Dec 2025 Purchase Sheet
purchase_2025_12_4,2025-12-15T12:00:00.000Z,Purchase,Hay,9600,11.02,105800,25 Dec 2025,Imported from Dec 2025 Purchase Sheet
purchase_2025_12_5,2025-12-15T12:00:00.000Z,Purchase,Hay,9500,11,104500,27 Dec 2025,Imported from Dec 2025 Purchase Sheet
purchase_2025_12_6,2025-12-15T12:00:00.000Z,Purchase,Hay,9500,10.24,97300,29 Dec 2025,Imported from Dec 2025 Purchase Sheet
purchase_2026_01_10,2026-01-17T12:00:00.000Z,Purchase,Others,5800,10,58000,,Purchase recorded from Jan Grass 2026
purchase_2026_01_11,2026-01-18T12:00:00.000Z,Purchase,Others,3600,9.6,34560,,Purchase recorded from Jan Grass 2026
purchase_2026_01_12,2026-01-19T12:00:00.000Z,Purchase,Others,6800,10,68000,,Purchase recorded from Jan Grass 2026
purchase_2026_01_13,2026-01-23T12:00:00.000Z,Purchase,Others,9800,9,88200,,Purchase recorded from Jan Grass 2026
purchase_2026_01_14,2026-01-23T12:00:00.000Z,Purchase,Others,6715,9.49,63700,,Purchase recorded from Jan Grass 2026
purchase_2026_01_15,2026-01-24T12:00:00.000Z,Purchase,Others,2040,8.97,18300,,Purchase recorded from Jan Grass 2026
purchase_2026_01_16,2026-01-26T12:00:00.000Z,Purchase,Others,6500,9,58500,,Purchase recorded from Jan Grass 2026
purchase_2026_01_17,2026-01-28T12:00:00.000Z,Purchase,Others,2805,8.73,24500,,Purchase recorded from Jan Grass 2026
purchase_2026_01_18,2026-01-29T12:00:00.000Z,Purchase,Others,2420,8.74,21150,,Purchase recorded from Jan Grass 2026
purchase_2026_01_19,2026-01-29T12:00:00.000Z,Purchase,Others,3410,8.59,29300,,Purchase recorded from Jan Grass 2026
purchase_2026_01_2,2026-01-01T12:00:00.000Z,Purchase,Others,6635,11,73000,,Purchase recorded from Jan Grass 2026
purchase_2026_01_20,2026-01-29T12:00:00.000Z,Purchase,Others,7000,8.5,59500,,Purchase recorded from Jan Grass 2026
purchase_2026_01_21,2026-01-30T12:00:00.000Z,Purchase,Others,3125,8.74,27300,,Purchase recorded from Jan Grass 2026
purchase_2026_01_3,2026-01-07T12:00:00.000Z,Purchase,Others,2520,10,25200,,Purchase recorded from Jan Grass 2026
purchase_2026_01_4,2026-01-12T12:00:00.000Z,Purchase,Others,2850,10,28500,,Purchase recorded from Jan Grass 2026
purchase_2026_01_5,2026-01-13T12:00:00.000Z,Purchase,Others,5400,9.44,51000,,Purchase recorded from Jan Grass 2026
purchase_2026_01_6,2026-01-14T12:00:00.000Z,Purchase,Others,6000,10,60000,,Purchase recorded from Jan Grass 2026
purchase_2026_01_7,2026-01-15T12:00:00.000Z,Purchase,Others,2780,10,27800,,Purchase recorded from Jan Grass 2026
purchase_2026_01_8,2026-01-16T12:00:00.000Z,Purchase,Others,5000,10,50000,,Purchase recorded from Jan Grass 2026
purchase_2026_01_9,2026-01-16T12:00:00.000Z,Purchase,Others,4690,10,46900,,Purchase recorded from Jan Grass 2026
purchase_2026_02_10,2026-02-06T12:00:00.000Z,Purchase,Others,5295,8.48,44900,,Purchase recorded from Feb Grass 2026
purchase_2026_02_11,2026-02-08T12:00:00.000Z,Purchase,Others,5035,7.98,40200,,Purchase recorded from Feb Grass 2026
purchase_2026_02_12,2026-02-09T12:00:00.000Z,Purchase,Others,2925,8.24,24100,,Purchase recorded from Feb Grass 2026
purchase_2026_02_13,2026-02-10T12:00:00.000Z,Purchase,Others,2965,8.5,25200,,Purchase recorded from Feb Grass 2026
purchase_2026_02_14,2026-02-10T12:00:00.000Z,Purchase,Others,4035,8.3,33500,,Purchase recorded from Feb Grass 2026
purchase_2026_02_15,2026-02-10T12:00:00.000Z,Purchase,Others,5660,8,45300,,Purchase recorded from Feb Grass 2026
purchase_2026_02_16,2026-02-11T12:00:00.000Z,Purchase,Others,2900,8,23200,,Purchase recorded from Feb Grass 2026
purchase_2026_02_17,2026-02-12T12:00:00.000Z,Purchase,Others,2920,8.49,24800,,Purchase recorded from Feb Grass 2026
purchase_2026_02_18,2026-02-15T12:00:00.000Z,Purchase,Others,3190,8.24,26300,,Purchase recorded from Feb Grass 2026
purchase_2026_02_19,2026-02-16T12:00:00.000Z,Purchase,Others,6200,8,49600,,Purchase recorded from Feb Grass 2026
purchase_2026_02_2,2026-01-31T12:00:00.000Z,Purchase,Others,7700,8.49,65400,,Purchase recorded from Feb Grass 2026
purchase_2026_02_20,2026-02-17T12:00:00.000Z,Purchase,Others,3555,8.07,28700,,Purchase recorded from Feb Grass 2026
purchase_2026_02_21,2026-02-18T12:00:00.000Z,Purchase,Others,4960,7.98,39600,,Purchase recorded from Feb Grass 2026
purchase_2026_02_22,2026-02-20T12:00:00.000Z,Purchase,Others,7500,8,60000,,Purchase recorded from Feb Grass 2026
purchase_2026_02_23,2026-02-22T12:00:00.000Z,Purchase,Others,11100,7.59,84300,,Purchase recorded from Feb Grass 2026
purchase_2026_02_24,2026-02-22T12:00:00.000Z,Purchase,Others,3200,8.28,26500,,Purchase recorded from Feb Grass 2026
purchase_2026_02_25,2026-02-25T12:00:00.000Z,Purchase,Others,8500,7,59500,,Purchase recorded from Feb Grass 2026
purchase_2026_02_3,2026-02-01T12:00:00.000Z,Purchase,Others,5270,8.5,44800,,Purchase recorded from Feb Grass 2026
purchase_2026_02_4,2026-02-02T12:00:00.000Z,Purchase,Others,2330,8.73,20350,,Purchase recorded from Feb Grass 2026
purchase_2026_02_5,2026-02-02T12:00:00.000Z,Purchase,Others,7800,8.49,66200,,Purchase recorded from Feb Grass 2026
purchase_2026_02_6,2026-02-04T12:00:00.000Z,Purchase,Others,3520,8.49,29900,,Purchase recorded from Feb Grass 2026
purchase_2026_02_7,2026-02-05T12:00:00.000Z,Purchase,Others,3440,8.49,29200,,Purchase recorded from Feb Grass 2026
purchase_2026_02_8,2026-02-06T12:00:00.000Z,Purchase,Others,2760,8.44,23300,,Purchase recorded from Feb Grass 2026
purchase_2026_02_9,2026-02-06T12:00:00.000Z,Purchase,Others,3465,8.23,28500,,Purchase recorded from Feb Grass 2026
purchase_2026_03_10,2026-03-16T12:00:00.000Z,Purchase,Others,7200,7.86,56600,,Purchase recorded from March Grass 2026
purchase_2026_03_11,2026-03-18T12:00:00.000Z,Purchase,Others,8300,8.3,68900,,Purchase recorded from March Grass 2026
purchase_2026_03_12,2026-03-19T12:00:00.000Z,Purchase,Others,8300,7.4,61400,,Purchase recorded from March Grass 2026
purchase_2026_03_13,2026-03-20T12:00:00.000Z,Purchase,Others,9000,8.33,75000,,Purchase recorded from March Grass 2026
purchase_2026_03_14,2026-03-22T12:00:00.000Z,Purchase,Others,9800,7.76,76000,,Purchase recorded from March Grass 2026
purchase_2026_03_15,2026-03-24T12:00:00.000Z,Purchase,Others,7100,8,56800,,Purchase recorded from March Grass 2026
purchase_2026_03_16,2026-03-28T12:00:00.000Z,Purchase,Others,7200,7.6,54700,,Purchase recorded from March Grass 2026
purchase_2026_03_2,2026-02-28T12:00:00.000Z,Purchase,Others,9300,7.49,69700,,Purchase recorded from March Grass 2026
purchase_2026_03_3,2026-02-28T12:00:00.000Z,Purchase,Others,6200,7.5,46500,,Purchase recorded from March Grass 2026
purchase_2026_03_4,2026-02-28T12:00:00.000Z,Purchase,Others,6300,7.49,47200,,Purchase recorded from March Grass 2026
purchase_2026_03_5,2026-03-02T12:00:00.000Z,Purchase,Others,9000,7.5,67500,,Purchase recorded from March Grass 2026
purchase_2026_03_6,2026-03-06T12:00:00.000Z,Purchase,Others,8100,7.8,63200,,Purchase recorded from March Grass 2026
purchase_2026_03_7,2026-03-09T12:00:00.000Z,Purchase,Others,2725,8.22,22400,,Purchase recorded from March Grass 2026
purchase_2026_03_8,2026-03-15T12:00:00.000Z,Purchase,Others,8400,7.7,64700,,Purchase recorded from March Grass 2026
purchase_2026_03_9,2026-03-15T12:00:00.000Z,Purchase,Others,9000,7.51,67600,,Purchase recorded from March Grass 2026
purchase_2026_04_10,2026-04-14T12:00:00.000Z,Purchase,Others,8300,7.8,64700,,Purchase recorded from April Grass 2026
purchase_2026_04_11,2026-04-14T12:00:00.000Z,Purchase,Others,7200,7.69,55400,,Purchase recorded from April Grass 2026
purchase_2026_04_12,2026-04-18T12:00:00.000Z,Purchase,Others,6600,7.8,51500,,Purchase recorded from April Grass 2026
purchase_2026_04_13,2026-04-25T12:00:00.000Z,Purchase,Others,7900,8.49,67100,,Purchase recorded from April Grass 2026
purchase_2026_04_14,2026-04-29T12:00:00.000Z,Purchase,Others,6900,8.1,55900,,Purchase recorded from April Grass 2026
purchase_2026_04_2,2026-03-31T12:00:00.000Z,Purchase,Others,7000,8,56000,,Purchase recorded from April Grass 2026
purchase_2026_04_3,2026-03-31T12:00:00.000Z,Purchase,Others,8900,7.49,66700,,Purchase recorded from April Grass 2026
purchase_2026_04_4,2026-03-31T12:00:00.000Z,Purchase,Others,7400,8,59200,,Purchase recorded from April Grass 2026
purchase_2026_04_5,2026-04-03T12:00:00.000Z,Purchase,Others,7500,7.49,56200,,Purchase recorded from April Grass 2026
purchase_2026_04_6,2026-04-07T12:00:00.000Z,Purchase,Others,5900,8,47200,,Purchase recorded from April Grass 2026
purchase_2026_04_7,2026-04-07T12:00:00.000Z,Purchase,Others,6620,7.49,49600,,Purchase recorded from April Grass 2026
purchase_2026_04_8,2026-04-08T12:00:00.000Z,Purchase,Others,2240,5.74,12850,,Purchase recorded from April Grass 2026
purchase_2026_04_9,2026-04-13T12:00:00.000Z,Purchase,Others,8200,7.6,62300,,Purchase recorded from April Grass 2026
purchase_2026_05_10,2026-05-14T12:00:00.000Z,Purchase,Others,6300,8.49,53500,,Purchase recorded from May Grass 2026
purchase_2026_05_11,2026-05-18T12:00:00.000Z,Purchase,Others,7300,9,65700,,Purchase recorded from May Grass 2026
purchase_2026_05_12,2026-05-20T12:00:00.000Z,Purchase,Others,8500,9.08,77200,,Purchase recorded from May Grass 2026
purchase_2026_05_13,2026-05-23T12:00:00.000Z,Purchase,Others,8600,9,77400,,Purchase recorded from May Grass 2026
purchase_2026_05_14,2026-05-25T12:00:00.000Z,Purchase,Others,8800,9.5,83600,,Purchase recorded from May Grass 2026
purchase_2026_05_15,2026-05-26T12:00:00.000Z,Purchase,Others,7300,8.49,62000,,Purchase recorded from May Grass 2026
purchase_2026_05_16,2026-05-28T12:00:00.000Z,Purchase,Others,8800,8.8,77400,,Purchase recorded from May Grass 2026
purchase_2026_05_17,2026-05-30T12:00:00.000Z,Purchase,Others,9600,8.75,84000,,Purchase recorded from May Grass 2026
purchase_2026_05_2,2026-04-30T12:00:00.000Z,Purchase,Others,6900,8.53,58850,,Purchase recorded from May Grass 2026
purchase_2026_05_3,2026-05-03T12:00:00.000Z,Purchase,Others,5890,9.08,53500,,Purchase recorded from May Grass 2026
purchase_2026_05_4,2026-05-03T12:00:00.000Z,Purchase,Others,8600,9,77400,,Purchase recorded from May Grass 2026
purchase_2026_05_5,2026-05-04T12:00:00.000Z,Purchase,Others,7000,8.5,59500,,Purchase recorded from May Grass 2026
purchase_2026_05_6,2026-05-08T12:00:00.000Z,Purchase,Others,6300,8.49,53500,,Purchase recorded from May Grass 2026
purchase_2026_05_7,2026-05-08T12:00:00.000Z,Purchase,Others,7600,9,68400,,Purchase recorded from May Grass 2026
purchase_2026_05_8,2026-05-09T12:00:00.000Z,Purchase,Others,6100,8.85,54000,,Purchase recorded from May Grass 2026
purchase_2026_05_9,2026-05-11T12:00:00.000Z,Purchase,Others,9300,9,83700,,Purchase recorded from May Grass 2026
purchase_2026_06_2,2026-06-01T12:00:00.000Z,Purchase,Others,6000,9.4,56400,,Purchase recorded from Jun Grass 2026
purchase_2026_06_3,2026-06-01T12:00:00.000Z,Purchase,Others,7200,8.5,61200,,Purchase recorded from Jun Grass 2026
purchase_2026_06_4,2026-06-04T12:00:00.000Z,Purchase,Others,5500,9.4,51700,,Purchase recorded from Jun Grass 2026
purchase_2026_06_5,2026-06-24T12:00:00.000Z,Purchase,Others,9700,9.49,92100,,Purchase recorded from Jun Grass 2026
purchase_2026_06_6,2026-06-28T12:00:00.000Z,Purchase,Others,9840,9.55,94000,,Purchase recorded from Jun Grass 2026
purchase_2026_07_10,2026-07-27T12:00:00.000Z,Purchase,Others,13600,10.56,143600,,Purchase recorded from July Grass 2026
purchase_2026_07_2,2026-07-01T12:00:00.000Z,Purchase,Others,11300,10,113000,,Purchase recorded from July Grass 2026
purchase_2026_07_3,2026-07-03T12:00:00.000Z,Purchase,Others,12100,10,121000,,Purchase recorded from July Grass 2026
purchase_2026_07_4,2026-07-08T12:00:00.000Z,Purchase,Others,7300,10.25,74800,,Purchase recorded from July Grass 2026
purchase_2026_07_5,2026-07-08T12:00:00.000Z,Purchase,Others,8200,10.24,84000,,Purchase recorded from July Grass 2026
purchase_2026_07_6,2026-07-12T12:00:00.000Z,Purchase,Others,7970,10.25,81700,,Purchase recorded from July Grass 2026
purchase_2026_07_7,2026-07-15T12:00:00.000Z,Purchase,Others,11000,10.5,115500,,Purchase recorded from July Grass 2026
purchase_2026_07_8,2026-07-16T12:00:00.000Z,Purchase,Others,5200,10.25,53300,,Purchase recorded from July Grass 2026
purchase_2026_07_9,2026-07-21T12:00:00.000Z,Purchase,Others,8300,10.49,87100,,Purchase recorded from July Grass 2026
purchase_2026_08_2,2026-08-02T12:00:00.000Z,Purchase,Others,5920,10.79,63900,,Purchase recorded from Aug Grass 2026
purchase_2026_08_3,2026-08-03T12:00:00.000Z,Purchase,Others,10900,10.9,118800,,Purchase recorded from Aug Grass 2026
purchase_2026_08_4,2026-08-03T12:00:00.000Z,Purchase,Others,8600,10.7,92000,,Purchase recorded from Aug Grass 2026
purchase_2026_08_5,2026-08-04T12:00:00.000Z,Purchase,Others,8300,10.8,89600,,Purchase recorded from Aug Grass 2026
purchase_2026_08_6,2026-08-10T12:00:00.000Z,Purchase,Others,12200,10.75,131100,,Purchase recorded from Aug Grass 2026
purchase_2026_08_7,2026-08-15T12:00:00.000Z,Purchase,Others,10200,10.6,108100,,Purchase recorded from Aug Grass 2026
purchase_2026_08_8,2026-08-23T12:00:00.000Z,Purchase,Others,10100,10.59,107000,,Purchase recorded from Aug Grass 2026
purchase_2026_08_9,2026-08-29T12:00:00.000Z,Purchase,Others,13200,10.8,142500,,Purchase recorded from Aug Grass 2026
